Regiao,Localidade,Cidade_Tamanho,Tipo_IES,Modalidade,Periodo,Area,Genero,Cor_Raca,Idade,Renda_Familiar_SM,Escola_Medio,Acesso_Internet,Dispositivo_Estudo,Bolsa_ou_Financiamento,Horas_Estudo_Semanais,Trabalho_Horas_Semanais,Deslocamento_Minutos,Dificuldade_Financeira_1a5,Saude_Mental_1a5,Base_Matematica_1a5,Leitura_Ingles_1a5,Infraestrutura_Campus_1a5,Proficiencia_Digital_1a5,Nota_ENEM,Faltas_Percentual,CRA,Reprovacoes,Engajamento_Plataformas_h_sem,Estagio,Monitoria,Duracao_Curso_Semestres,Semestre_Atual,Risco_Evasao
Sul,Interior,Média,Privada,Presencial,Noturno,Licenciaturas,Feminino,Parda,20,8.32,Pública,Boa,Desktop,Nenhum,4.5,0,110,2,4,3,2,3,5,714,15.3,6.28,0,6.3,0,0,10,6,0
Centro-Oeste,Interior,Pequena,Privada,EAD,Vespertino,Humanas,Masculino,Branca,20,1.31,Pública,Boa,Celular,Nenhum,11.6,0,4,5,2,5,3,1,3,571,3.5,7.52,1,7.6,0,0,12,5,0
Sudeste,Interior,Grande,Privada,Híbrido,Integral,Saúde,Feminino,Parda,24,4.09,Pública,Boa,Tablet,Prouni,4.0,33,78,3,5,3,5,2,3,522,20.4,3.73,0,4.5,0,0,8,1,0
Sudeste,Interior,Metrópole,Privada,Presencial,Vespertino,Sociais Aplicadas,Masculino,Parda,21,1.02,Pública,Boa,Celular,Nenhum,13.7,25,84,4,4,3,2,3,3,540,17.9,5.06,2,8.2,0,0,8,7,0
Sul,Capital,Média,Privada,EAD,Matutino,Engenharias,Feminino,Branca,17,5.47,Pública,Boa,Notebook,Prouni,16.8,0,0,3,2,2,2,4,3,662,10.3,7.83,0,19.9,1,0,10,4,1
Norte,Interior,Média,Privada,Presencial,Matutino,Engenharias,Feminino,Parda,23,1.61,Pública,Boa,Celular,Nenhum,15.6,0,71,5,4,5,3,3,5,582,10.8,5.79,1,9.3,0,0,8,5,1
Nordeste,Interior,Pequena,Privada,Presencial,Matutino,Engenharias,Feminino,Parda,20,3.54,Pública,Boa,Celular,Nenhum,16.1,27,72,5,5,2,4,2,4,632,26.1,5.21,0,6.8,1,0,8,4,1
Sul,Interior,Grande,Privada,Presencial,Noturno,Saúde,Masculino,Parda,25,2.89,Pública,Boa,Notebook,Nenhum,12.2,0,54,4,4,4,3,2,5,634,9.7,7.48,0,8.6,1,0,6,6,0
Sudeste,Interior,Pequena,Privada,Presencial,Matutino,Artes & Design,Feminino,Parda,21,2.45,Privada,Ruim,Celular,Nenhum,2.0,27,83,3,2,3,4,3,4,440,22.1,4.56,1,4.1,0,0,10,2,1
Nordeste,Interior,Grande,Privada,EAD,Integral,Humanas,Feminino,Branca,21,3.85,Pública,Boa,Notebook,Prouni,12.5,27,0,4,3,5,2,3,3,691,11.1,6.39,3,6.9,0,0,6,6,0
Centro-Oeste,Interior,Pequena,Privada,Presencial,Vespertino,Licenciaturas,Feminino,Branca,22,3.21,Privada,Boa,Notebook,Prouni,10.5,14,76,5,2,2,3,4,5,729,7.7,6.51,0,6.3,0,0,6,6,1
Nordeste,Interior,Grande,Privada,Presencial,Matutino,Artes & Design,Masculino,Parda,23,1.7,Pública,Boa,Celular,Nenhum,13.8,6,24,2,4,4,2,2,4,596,8.9,6.1,1,5.3,1,0,8,5,0
Nordeste,Interior,Grande,Privada,Presencial,Matutino,Engenharias,Masculino,Parda,24,1.97,Pública,Instável,Celular,Bolsa Institucional,20.0,0,82,4,3,2,4,3,2,669,18.1,7.29,1,10.8,0,0,8,2,0
Nordeste,Interior,Pequena,Privada,Presencial,Matutino,Engenharias,Feminino,Branca,25,5.48,Pública,Boa,Tablet,Nenhum,10.9,0,31,5,2,3,3,4,4,703,0.0,8.06,0,3.8,0,1,10,6,0
Sul,Interior,Pequena,Privada,Presencial,Noturno,Ciências Exatas,Masculino,Branca,23,0.35,Privada,Instável,Celular,Prouni,9.8,26,68,5,3,4,4,1,3,587,10.5,5.53,3,0.6,0,0,6,2,0
Centro-Oeste,Interior,Média,Pública,Presencial,Noturno,Sociais Aplicadas,Outro,Branca,17,2.45,Pública,Instável,Notebook,Nenhum,14.1,0,11,3,2,4,4,2,5,725,13.6,6.57,0,8.9,0,0,8,6,0
Norte,Capital,Pequena,Privada,Presencial,Noturno,Saúde,Feminino,Branca,22,2.99,Privada,Boa,Celular,FIES,16.9,25,87,3,2,4,5,2,4,667,18.5,6.46,1,5.4,0,0,8,3,0
Sudeste,Capital,Média,Pública,Presencial,Noturno,Humanas,Feminino,Parda,25,2.56,Pública,Boa,Celular,Nenhum,12.4,0,51,3,2,5,3,2,3,782,6.9,7.92,2,8.3,1,1,8,6,0
Nordeste,Interior,Média,Privada,Presencial,Vespertino,Ciências Exatas,Masculino,Parda,23,1.39,Pública,Boa,Celular,Prouni,11.7,22,75,4,4,1,4,4,4,518,8.8,6.95,0,4.8,0,0,8,8,0
Nordeste,Interior,Pequena,Privada,Presencial,Noturno,TI/Computação,Masculino,Parda,24,8.04,Pública,Ruim,Notebook,Nenhum,9.6,0,88,3,4,5,3,3,2,690,13.2,6.45,0,10.2,0,0,6,6,0
Nordeste,Interior,Grande,Privada,EAD,Matutino,Engenharias,Masculino,Parda,17,1.8,Pública,Boa,Desktop,Prouni,6.9,0,21,4,4,5,2,1,4,668,11.8,6.63,1,4.0,0,0,12,11,0
Sudeste,Interior,Média,Pública,Presencial,Vespertino,Engenharias,Feminino,Branca,20,4.55,Pública,Ruim,Notebook,Nenhum,20.1,0,80,3,3,2,2,2,2,452,16.2,6.79,2,7.9,0,0,8,8,1
Sudeste,Capital,Média,Privada,Presencial,Matutino,Engenharias,Masculino,Branca,17,2.53,Pública,Boa,Celular,Prouni,12.5,22,69,4,3,4,3,2,3,628,7.1,6.97,1,9.3,0,0,8,3,0
Sul,Interior,Grande,Privada,Presencial,Matutino,TI/Computação,Feminino,Branca,33,3.63,Pública,Boa,Celular,Nenhum,0.0,32,58,4,3,2,4,2,4,692,17.8,3.88,2,3.4,0,0,8,8,1
Nordeste,Interior,Média,Privada,Presencial,Noturno,Sociais Aplicadas,Masculino,Branca,25,1.92,Privada,Boa,Notebook,Prouni,18.9,0,79,5,3,3,3,2,4,693,18.1,6.79,1,10.5,0,0,8,8,0
Sudeste,Capital,Pequena,Privada,Presencial,Noturno,Humanas,Feminino,Preta,27,4.98,Pública,Instável,Notebook,FIES,7.9,22,40,5,4,3,4,1,4,666,27.9,4.76,2,3.8,0,0,6,6,1
Nordeste,Capital,Pequena,Privada,Presencial,Noturno,Licenciaturas,Feminino,Parda,25,1.37,Pública,Boa,Celular,Prouni,7.5,31,99,5,2,4,3,2,4,685,14.6,4.35,1,6.2,0,0,8,8,0
Sudeste,Capital,Pequena,Pública,Híbrido,Noturno,Licenciaturas,Feminino,Parda,17,4.07,Pública,Instável,Notebook,Bolsa Institucional,8.1,17,47,4,2,4,3,2,4,649,0.0,5.65,1,7.3,0,0,8,2,1
Sul,Capital,Metrópole,Privada,Híbrido,Noturno,Saúde,Masculino,Branca,24,3.48,Pública,Boa,Notebook,Prouni,8.7,0,89,4,4,4,4,2,4,708,19.2,6.38,0,5.9,0,0,8,8,0
Sul,Capital,Pequena,Privada,Presencial,Matutino,TI/Computação,Feminino,Branca,21,2.83,Pública,Boa,Desktop,Nenhum,13.8,0,59,3,3,3,5,3,3,696,17.4,6.66,2,8.2,0,0,6,5,0
Sudeste,Interior,Grande,Privada,Presencial,Noturno,Humanas,Masculino,Branca,17,1.59,Pública,Ruim,Notebook,Prouni,0.1,0,75,4,1,2,4,3,2,803,15.4,6.49,1,0.0,0,0,8,7,0
Sudeste,Interior,Média,Privada,Presencial,Matutino,Ciências Exatas,Feminino,Indígena,18,1.65,Pública,Boa,Desktop,Nenhum,14.3,19,73,4,3,3,4,4,3,557,8.4,7.16,1,3.3,0,0,10,5,0
Nordeste,Interior,Média,Pública,Presencial,Vespertino,TI/Computação,Feminino,Branca,30,0.36,Pública,Ruim,Notebook,Nenhum,14.2,0,69,4,3,2,4,2,3,392,6.5,6.8,0,10.0,0,0,8,4,0
Sudeste,Interior,Grande,Privada,Presencial,Noturno,Humanas,Masculino,Parda,21,2.84,Pública,Instável,Notebook,Bolsa Institucional,11.3,33,78,5,2,2,2,3,4,536,15.1,5.86,2,3.8,0,0,6,6,0
Sudeste,Interior,Pequena,Privada,Presencial,Matutino,Engenharias,Masculino,Branca,22,4.13,Privada,Boa,Notebook,Nenhum,10.0,0,55,3,2,3,4,3,2,616,10.3,8.12,0,2.3,0,1,8,8,0
Sudeste,Interior,Grande,Pública,Presencial,Noturno,Humanas,Feminino,Parda,26,1.95,Pública,Boa,Celular,Nenhum,10.2,21,47,4,3,2,4,5,3,560,6.6,6.01,0,2.0,0,0,8,4,0
Sudeste,Interior,Grande,Pública,Híbrido,Vespertino,Licenciaturas,Feminino,Parda,25,3.45,Pública,Boa,Celular,Nenhum,6.9,42,60,3,3,4,1,2,3,461,20.6,5.11,1,5.3,0,0,8,8,1
Sul,Interior,Grande,Pública,EAD,Noturno,TI/Computação,Masculino,Branca,24,0.87,Privada,Instável,Celular,Bolsa Institucional,13.6,19,18,5,3,3,4,3,3,560,14.9,6.82,0,7.6,0,0,8,8,0
Sul,Capital,Média,Privada,Presencial,Matutino,Licenciaturas,Outro,Branca,22,1.81,Pública,Instável,Celular,Nenhum,13.9,33,34,4,3,3,3,4,4,476,12.3,6.11,0,8.4,0,0,8,1,0
Centro-Oeste,Interior,Grande,Privada,Presencial,Vespertino,Engenharias,Feminino,Preta,31,1.59,Pública,Boa,Notebook,Prouni,12.0,17,48,4,4,2,4,5,4,802,17.1,6.2,2,9.2,0,0,8,4,1
Sudeste,Interior,Metrópole,Pública,Presencial,Vespertino,Sociais Aplicadas,Feminino,Parda,22,0.62,Pública,Ruim,Notebook,Nenhum,10.2,0,87,5,4,3,2,3,3,631,13.6,6.57,2,4.4,0,0,8,8,1
Nordeste,Capital,Média,Privada,Presencial,Matutino,Ciências Exatas,Masculino,Parda,19,2.15,Pública,Boa,Desktop,Nenhum,11.2,30,73,3,3,3,2,3,3,774,13.6,5.84,1,9.1,0,0,10,2,1
Sudeste,Interior,Grande,Privada,EAD,Noturno,Saúde,Feminino,Parda,20,1.15,Pública,Instável,Notebook,Prouni,8.5,21,12,5,3,4,3,2,4,707,12.1,4.94,1,1.8,0,0,8,8,1
Sudeste,Interior,Média,Privada,Híbrido,Vespertino,Sociais Aplicadas,Masculino,Parda,24,0.89,Pública,Instável,Celular,FIES,16.7,0,46,5,4,3,4,4,4,580,18.8,5.6,2,17.4,0,0,8,8,1
Sudeste,Interior,Média,Privada,Presencial,Vespertino,Humanas,Masculino,Branca,25,5.82,Pública,Boa,Notebook,Nenhum,12.3,0,50,2,3,2,5,2,3,584,11.0,7.19,1,6.1,0,0,8,8,0
Sudeste,Interior,Pequena,Privada,Híbrido,Noturno,TI/Computação,Masculino,Branca,20,0.36,Pública,Instável,Notebook,Prouni,8.3,41,44,5,5,2,4,3,5,450,21.7,3.66,1,8.9,0,0,10,10,0
Nordeste,Capital,Pequena,Privada,Híbrido,Noturno,Licenciaturas,Masculino,Parda,23,1.64,Pública,Boa,Notebook,Nenhum,19.1,0,86,5,3,4,3,3,2,607,16.1,6.99,1,10.7,0,0,8,8,1
Sul,Capital,Pequena,Privada,Presencial,Matutino,Sociais Aplicadas,Feminino,Branca,21,2.03,Pública,Boa,Notebook,Nenhum,10.8,0,79,3,3,4,3,2,4,727,21.0,5.85,1,10.2,0,0,8,5,0
Sudeste,Interior,Grande,Pública,EAD,Matutino,Licenciaturas,Feminino,Branca,17,5.05,Pública,Boa,Notebook,Nenhum,13.2,0,14,4,3,2,4,2,4,777,8.4,8.52,0,16.6,1,0,8,8,0
Sul,Interior,Metrópole,Privada,Presencial,Noturno,Humanas,Masculino,Branca,17,2.46,Pública,Boa,Celular,Prouni,19.3,0,104,4,3,4,3,3,2,612,10.9,7.22,2,14.6,0,0,8,7,0
Nordeste,Capital,Grande,Pública,EAD,Noturno,TI/Computação,Masculino,Parda,32,2.44,Pública,Boa,Celular,Nenhum,0.0,18,70,3,3,2,3,5,3,321,0.0,6.42,0,0.0,0,0,8,3,0
Sul,Interior,Pequena,Privada,Presencial,Matutino,Engenharias,Masculino,Branca,28,3.26,Pública,Boa,Celular,Bolsa Institucional,5.1,17,89,4,1,3,3,3,3,453,17.0,5.37,1,5.4,0,0,10,4,0
Nordeste,Interior,Média,Pública,EAD,Noturno,Artes & Design,Feminino,Parda,19,1.43,Privada,Instável,Celular,Bolsa Institucional,10.4,21,15,5,4,2,1,3,3,605,2.3,6.55,1,9.3,0,0,10,9,1
Nordeste,Interior,Média,Privada,EAD,Matutino,Saúde,Feminino,Branca,20,1.3,Pública,Instável,Celular,Nenhum,16.4,0,54,5,3,2,4,3,4,617,3.0,8.66,0,13.1,0,0,12,2,0
Sudeste,Capital,Média,Privada,Presencial,Matutino,Engenharias,Masculino,Parda,25,2.8,Pública,Instável,Notebook,Nenhum,7.9,39,29,4,4,4,5,2,4,397,26.2,4.07,1,0.0,0,0,8,8,1
Sudeste,Interior,Média,Privada,Presencial,Matutino,Humanas,Feminino,Branca,27,1.37,Pública,Instável,Notebook,Nenhum,13.7,23,63,5,3,4,3,3,3,743,17.4,5.39,1,12.1,0,0,8,8,1
Sul,Interior,Metrópole,Privada,EAD,Matutino,Saúde,Feminino,Parda,23,2.39,Pública,Ruim,Notebook,Prouni,17.2,0,69,4,1,3,4,3,4,493,3.7,8.17,0,13.5,0,0,8,8,0
Sul,Capital,Pequena,Pública,Presencial,Matutino,Humanas,Feminino,Branca,22,1.6,Privada,Boa,Celular,Nenhum,15.5,0,53,4,2,2,4,1,3,656,15.8,8.37,1,11.5,0,0,8,6,0
Sul,Interior,Metrópole,Privada,Presencial,Noturno,Artes & Design,Feminino,Branca,17,0.94,Privada,Boa,Tablet,Nenhum,5.9,0,85,5,2,1,4,2,4,768,12.8,6.7,0,9.2,1,0,8,8,0
Sudeste,Interior,Grande,Pública,Presencial,Vespertino,Ciências Exatas,Masculino,Branca,21,3.38,Pública,Instável,Celular,Nenhum,9.5,0,61,3,3,3,5,3,2,622,13.9,6.08,0,6.1,0,0,10,9,1
Centro-Oeste,Interior,Média,Pública,Presencial,Matutino,TI/Computação,Masculino,Branca,29,15.88,Pública,Boa,Tablet,Nenhum,8.8,0,98,3,4,4,3,3,3,716,13.8,7.12,1,6.8,0,0,8,1,0
Nordeste,Capital,Pequena,Privada,Presencial,Noturno,TI/Computação,Feminino,Branca,23,1.15,Pública,Ruim,Notebook,Prouni,2.4,27,30,5,3,4,4,2,4,735,7.6,5.09,1,7.1,0,0,6,2,1
Centro-Oeste,Interior,Metrópole,Privada,Presencial,Noturno,Humanas,Masculino,Parda,22,4.51,Pública,Boa,Celular,Nenhum,0.0,19,103,4,3,3,4,3,4,588,20.6,4.31,1,3.6,0,0,6,6,1
Nordeste,Capital,Pequena,Pública,Híbrido,Noturno,Saúde,Feminino,Branca,30,2.3,Pública,Boa,Celular,Nenhum,24.6,29,9,2,5,4,2,4,3,489,26.6,5.69,0,13.9,0,0,6,5,0
Sudeste,Capital,Média,Pública,Presencial,Noturno,Humanas,Feminino,Branca,28,1.72,Pública,Ruim,Notebook,Nenhum,11.4,15,88,4,3,2,3,3,4,420,25.7,5.1,0,9.2,0,0,8,8,0
Sudeste,Interior,Média,Privada,Presencial,Matutino,Sociais Aplicadas,Feminino,Parda,17,2.04,Pública,Boa,Notebook,Nenhum,11.6,0,62,3,3,3,4,3,4,665,15.9,7.53,1,10.2,0,0,8,8,0
Nordeste,Interior,Média,Pública,Presencial,Matutino,Sociais Aplicadas,Feminino,Parda,22,6.73,Pública,Boa,Notebook,Nenhum,13.2,22,59,3,3,3,3,4,4,622,13.8,5.76,2,13.0,0,0,10,9,0
Sudeste,Interior,Pequena,Pública,EAD,Noturno,Sociais Aplicadas,Masculino,Parda,21,5.81,Privada,Boa,Notebook,Nenhum,10.7,0,28,3,2,2,3,1,4,900,4.3,7.36,0,9.5,1,0,10,10,0
Sudeste,Interior,Metrópole,Privada,Híbrido,Matutino,TI/Computação,Masculino,Parda,27,2.39,Privada,Boa,Notebook,Prouni,13.9,40,29,3,4,5,5,3,3,678,18.4,5.03,0,9.1,0,0,10,9,1
Sudeste,Interior,Média,Privada,Presencial,Noturno,Engenharias,Masculino,Parda,17,1.65,Privada,Boa,Celular,Nenhum,8.9,22,97,5,5,3,3,1,4,714,22.7,4.53,1,8.4,0,0,8,2,0
Norte,Interior,Grande,Privada,Presencial,Matutino,Sociais Aplicadas,Masculino,Parda,24,1.09,Pública,Boa,Celular,Prouni,16.0,0,99,4,3,3,3,2,5,610,15.7,6.35,0,9.1,0,0,10,4,0
Nordeste,Interior,Metrópole,Privada,Presencial,Vespertino,Engenharias,Feminino,Parda,17,0.89,Pública,Instável,Celular,FIES,13.9,0,120,5,2,3,2,4,3,370,9.9,6.71,0,10.2,1,0,8,8,0
Nordeste,Capital,Metrópole,Pública,Presencial,Noturno,Ciências Exatas,Masculino,Parda,22,1.63,Pública,Instável,Celular,Nenhum,4.3,22,71,4,3,5,3,2,4,482,4.6,4.71,4,8.2,0,0,6,6,0
Sudeste,Interior,Pequena,Pública,Presencial,Noturno,Sociais Aplicadas,Masculino,Branca,24,3.24,Privada,Instável,Tablet,Bolsa Institucional,11.8,21,65,3,3,1,4,3,4,706,6.6,6.41,0,10.8,0,0,8,8,0
Sul,Interior,Grande,Privada,Híbrido,Matutino,Licenciaturas,Masculino,Preta,21,1.91,Pública,Instável,Celular,Bolsa Institucional,12.7,13,5,5,2,2,3,3,4,543,4.5,6.52,2,6.6,0,0,8,8,0
Centro-Oeste,Interior,Média,Privada,Híbrido,Matutino,Saúde,Feminino,Parda,23,3.37,Pública,Boa,Celular,Nenhum,14.8,0,42,3,2,3,2,3,4,806,11.5,7.36,0,8.5,0,0,8,3,1
Sul,Capital,Média,Pública,Presencial,Vespertino,Humanas,Masculino,Branca,27,5.31,Pública,Boa,Notebook,Bolsa Institucional,18.2,33,94,3,3,4,3,4,3,644,13.7,5.99,2,8.6,0,0,6,4,0
Sul,Capital,Pequena,Privada,Presencial,Matutino,Engenharias,Feminino,Branca,23,0.49,Pública,Boa,Notebook,Prouni,20.6,0,28,5,3,3,3,2,3,611,17.9,6.31,0,11.7,0,0,6,5,0
Nordeste,Capital,Média,Privada,Presencial,Matutino,TI/Computação,Masculino,Parda,17,2.67,Pública,Boa,Notebook,Prouni,13.4,42,70,3,3,3,4,3,4,655,10.9,4.62,2,3.1,0,0,10,1,0
Sudeste,Capital,Grande,Privada,Presencial,Matutino,TI/Computação,Feminino,Branca,17,2.01,Pública,Ruim,Celular,FIES,13.2,0,53,4,3,4,3,2,2,796,3.4,7.83,0,12.4,0,0,8,8,0
Sudeste,Capital,Metrópole,Pública,EAD,Vespertino,Licenciaturas,Masculino,Branca,20,3.1,Pública,Boa,Desktop,Nenhum,14.4,0,27,5,3,3,2,2,5,738,1.6,7.47,0,14.4,0,0,8,8,1
Sudeste,Capital,Metrópole,Privada,Presencial,Noturno,Artes & Design,Masculino,Branca,26,1.26,Pública,Instável,Celular,Nenhum,9.2,20,43,3,2,2,3,2,4,378,7.9,6.75,0,3.3,0,0,8,8,0
Sudeste,Capital,Grande,Privada,Presencial,Matutino,Sociais Aplicadas,Masculino,Branca,21,1.75,Pública,Ruim,Celular,Nenhum,6.6,0,42,5,3,2,3,3,3,705,6.7,5.66,1,7.0,1,0,8,5,0
Sul,Interior,Média,Pública,Presencial,Matutino,Licenciaturas,Feminino,Parda,19,1.64,Pública,Instável,Tablet,Nenhum,14.4,0,78,3,3,3,1,2,5,643,15.6,7.84,0,7.0,0,0,8,8,0
Nordeste,Interior,Metrópole,Pública,EAD,Matutino,Sociais Aplicadas,Prefiro não responder,Parda,22,1.38,Pública,Boa,Celular,Bolsa Institucional,11.9,0,52,4,3,3,2,3,3,563,9.0,8.4,2,8.8,1,0,8,4,0
Sul,Interior,Média,Privada,Presencial,Noturno,Saúde,Masculino,Branca,24,0.74,Pública,Instável,Tablet,Nenhum,17.9,0,66,5,4,3,4,2,3,519,12.2,7.3,3,8.9,0,0,8,8,0
Nordeste,Capital,Média,Pública,Presencial,Matutino,Sociais Aplicadas,Masculino,Parda,20,3.44,Privada,Boa,Notebook,Nenhum,11.7,0,31,4,4,5,4,3,2,870,14.5,6.37,1,10.7,0,0,8,8,1
Sudeste,Capital,Média,Privada,Presencial,Matutino,Saúde,Masculino,Branca,23,3.14,Pública,Instável,Celular,Nenhum,19.3,0,52,2,3,2,4,2,5,545,9.8,8.07,0,13.2,1,0,6,4,0
Nordeste,Interior,Média,Pública,EAD,Matutino,Sociais Aplicadas,Feminino,Parda,27,0.87,Pública,Ruim,Notebook,Nenhum,1.9,30,0,5,3,5,2,4,4,538,12.4,4.35,1,5.8,0,0,6,3,0
Nordeste,Capital,Grande,Privada,Presencial,Noturno,Humanas,Feminino,Branca,27,2.78,Pública,Boa,Notebook,Nenhum,6.9,34,34,4,4,2,3,4,3,506,13.3,5.03,2,2.2,0,0,8,3,1
Norte,Interior,Média,Privada,Presencial,Matutino,Saúde,Feminino,Parda,24,11.76,Pública,Instável,Notebook,Nenhum,17.6,0,93,3,3,2,3,2,4,711,14.7,6.52,0,4.7,0,0,10,10,0
Sudeste,Interior,Metrópole,Privada,Presencial,Matutino,Ciências Exatas,Masculino,Branca,24,6.26,Pública,Boa,Tablet,Prouni,10.8,19,29,3,2,3,3,3,4,663,8.7,6.93,1,7.7,0,0,10,7,0
Centro-Oeste,Capital,Média,Privada,Presencial,Noturno,Humanas,Feminino,Parda,17,2.93,Pública,Ruim,Tablet,Prouni,17.1,0,65,3,2,2,4,3,3,618,8.4,7.5,0,10.7,0,0,6,6,0
Centro-Oeste,Capital,Grande,Privada,EAD,Matutino,Humanas,Feminino,Branca,24,1.63,Pública,Instável,Celular,Bolsa Institucional,19.2,0,0,4,3,4,4,3,4,480,4.4,5.85,1,8.7,0,0,6,6,0
Sul,Interior,Grande,Privada,Presencial,Noturno,TI/Computação,Masculino,Branca,26,4.28,Pública,Instável,Notebook,Nenhum,15.1,23,83,4,3,2,4,2,4,568,20.5,6.04,2,9.8,1,1,8,8,0
Nordeste,Capital,Grande,Privada,Presencial,Noturno,Saúde,Feminino,Parda,20,1.19,Pública,Boa,Notebook,Nenhum,15.8,0,27,3,3,2,2,3,2,433,5.5,7.85,0,15.1,0,0,6,4,0
Sudeste,Interior,Média,Pública,Presencial,Noturno,Humanas,Feminino,Branca,26,2.91,Pública,Instável,Notebook,Nenhum,10.9,4,100,3,3,3,3,2,4,569,14.0,6.21,1,1.0,0,0,8,3,0
Sudeste,Interior,Média,Pública,Presencial,Noturno,Humanas,Masculino,Parda,28,1.75,Pública,Boa,Celular,Nenhum,10.2,0,36,4,2,3,4,4,4,564,7.2,6.11,0,6.6,0,0,12,11,0
Nordeste,Capital,Metrópole,Privada,Presencial,Vespertino,Engenharias,Masculino,Preta,17,1.86,Privada,Instável,Notebook,Nenhum,7.2,9,31,5,3,3,4,2,4,508,12.8,4.91,1,8.8,0,0,8,7,1
Nordeste,Interior,Média,Privada,Presencial,Matutino,Licenciaturas,Masculino,Branca,28,4.03,Pública,Boa,Desktop,Nenhum,12.5,0,89,3,4,4,3,1,4,662,15.4,6.93,0,7.9,0,0,10,10,0
Nordeste,Interior,Média,Pública,Presencial,Noturno,Artes & Design,Masculino,Branca,24,1.93,Pública,Boa,Notebook,Bolsa Institucional,14.8,45,42,4,3,2,3,3,3,516,12.0,6.23,1,8.7,0,0,12,4,0
Nordeste,Capital,Pequena,Pública,Presencial,Matutino,Humanas,Feminino,Parda,24,1.15,Pública,Boa,Notebook,Nenhum,16.8,18,22,5,3,4,4,2,2,681,15.7,6.04,2,8.4,0,0,6,5,0
Sul,Capital,Pequena,Privada,EAD,Noturno,Humanas,Feminino,Parda,21,2.15,Pública,Instável,Desktop,Bolsa Institucional,17.1,0,2,2,2,4,3,1,3,524,3.9,8.06,1,5.6,0,0,8,8,0
Sudeste,Capital,Grande,Pública,EAD,Matutino,Engenharias,Masculino,Branca,26,1.66,Pública,Boa,Tablet,Bolsa Institucional,15.7,27,5,5,3,2,3,4,3,564,11.7,5.58,0,4.0,0,0,8,8,1
Sudeste,Interior,Média,Privada,EAD,Noturno,Licenciaturas,Masculino,Parda,22,2.67,Pública,Boa,Celular,Bolsa Institucional,13.7,23,19,4,4,3,4,3,3,723,10.6,6.74,0,4.5,1,1,10,9,0
Nordeste,Capital,Média,Pública,Presencial,Matutino,Licenciaturas,Feminino,Branca,21,1.77,Pública,Boa,Notebook,Nenhum,14.0,0,46,4,3,5,3,4,4,695,11.6,7.2,3,9.2,0,0,8,3,1
Sudeste,Interior,Grande,Privada,Presencial,Noturno,Humanas,Feminino,Parda,25,4.1,Pública,Boa,Tablet,Nenhum,20.4,12,70,5,3,4,3,4,5,817,11.1,6.68,0,7.9,0,0,8,5,0
Sudeste,Interior,Pequena,Privada,EAD,Noturno,Ciências Exatas,Feminino,Parda,17,0.7,Pública,Instável,Tablet,Prouni,8.5,0,0,5,2,3,3,2,3,622,1.2,7.6,1,13.4,0,0,8,4,0
Sudeste,Interior,Média,Privada,Presencial,Vespertino,Licenciaturas,Feminino,Preta,21,10.21,Privada,Boa,Notebook,Nenhum,19.7,0,84,3,2,2,3,2,3,841,14.9,7.28,1,13.9,0,0,8,1,0
Norte,Capital,Média,Privada,Presencial,Matutino,Saúde,Masculino,Branca,17,1.63,Privada,Instável,Celular,Nenhum,14.0,0,83,4,3,3,3,2,5,554,13.1,5.54,1,6.2,0,0,8,5,0
Nordeste,Interior,Média,Privada,EAD,Vespertino,Licenciaturas,Feminino,Branca,17,0.53,Privada,Instável,Notebook,Prouni,13.6,0,58,3,2,1,3,4,5,674,15.6,7.92,0,10.5,0,0,8,8,0
Sudeste,Capital,Grande,Pública,Híbrido,Matutino,Sociais Aplicadas,Feminino,Branca,27,1.88,Pública,Boa,Notebook,Nenhum,8.0,25,46,4,3,4,4,4,2,416,9.3,5.36,1,2.3,0,0,10,9,1
Sudeste,Interior,Média,Pública,Híbrido,Noturno,Engenharias,Feminino,Indígena,17,3.23,Pública,Ruim,Notebook,Nenhum,8.7,33,67,4,5,3,3,2,2,650,28.9,3.61,1,8.0,0,0,6,2,1
Sudeste,Interior,Pequena,Privada,Presencial,Integral,TI/Computação,Feminino,Branca,27,2.19,Pública,Instável,Celular,FIES,14.3,10,71,4,3,2,4,3,3,629,12.0,6.63,0,8.2,0,0,6,6,0
Centro-Oeste,Interior,Grande,Pública,Presencial,Integral,Engenharias,Masculino,Branca,23,8.18,Pública,Instável,Notebook,Nenhum,17.5,0,55,3,4,3,2,2,2,562,16.8,7.01,2,11.8,0,0,10,8,0
Sudeste,Capital,Média,Privada,EAD,Vespertino,Sociais Aplicadas,Prefiro não responder,Branca,17,2.36,Pública,Instável,Notebook,Nenhum,3.8,0,29,4,1,4,3,3,4,781,3.4,8.14,1,5.9,0,0,10,3,0
Sudeste,Interior,Pequena,Privada,Presencial,Noturno,Saúde,Masculino,Parda,17,7.17,Pública,Boa,Notebook,Nenhum,9.1,17,55,3,3,3,3,3,3,818,17.2,5.88,1,1.8,0,0,6,2,1
Sudeste,Interior,Pequena,Privada,Presencial,Noturno,Sociais Aplicadas,Masculino,Branca,27,0.86,Pública,Boa,Desktop,Prouni,6.7,19,43,4,3,3,4,3,3,788,20.8,5.34,1,2.3,0,0,8,7,0
Sudeste,Capital,Média,Pública,Presencial,Noturno,Licenciaturas,Masculino,Branca,25,1.38,Pública,Boa,Tablet,Nenhum,6.2,0,79,5,5,3,4,2,3,782,14.1,6.17,0,2.0,0,0,8,8,0
Nordeste,Interior,Média,Pública,Presencial,Matutino,Engenharias,Feminino,Indígena,24,0.41,Pública,Boa,Celular,Nenhum,14.0,28,58,5,4,1,4,4,2,809,15.1,5.9,1,3.8,0,0,8,1,1
Sudeste,Capital,Grande,Privada,Presencial,Matutino,Licenciaturas,Masculino,Parda,25,4.71,Pública,Instável,Celular,Nenhum,7.5,12,46,5,2,3,3,3,4,662,10.4,6.42,3,8.8,0,0,8,1,0
Norte,Capital,Pequena,Privada,Presencial,Noturno,Saúde,Masculino,Branca,26,1.8,Pública,Boa,Notebook,FIES,9.8,33,40,5,3,3,3,4,5,593,15.3,5.28,1,4.7,0,0,12,6,0
Nordeste,Interior,Grande,Privada,Presencial,Noturno,Sociais Aplicadas,Masculino,Branca,26,2.78,Privada,Instável,Notebook,Nenhum,9.9,23,47,4,4,4,3,1,3,767,21.5,5.25,1,6.9,0,0,8,6,0
Sudeste,Interior,Média,Privada,Presencial,Noturno,Saúde,Feminino,Preta,23,7.66,Pública,Instável,Notebook,Nenhum,17.0,0,4,2,3,3,4,2,4,686,12.7,7.84,1,14.9,0,0,8,8,0
Sul,Interior,Pequena,Privada,Presencial,Vespertino,Sociais Aplicadas,Feminino,Parda,18,2.99,Pública,Instável,Notebook,Prouni,21.3,0,51,4,3,4,2,3,5,720,4.3,8.19,0,9.9,0,0,6,3,0
Centro-Oeste,Capital,Média,Privada,Presencial,Noturno,TI/Computação,Feminino,Branca,17,2.53,Privada,Ruim,Notebook,Nenhum,7.4,29,63,3,3,3,3,2,2,834,17.7,5.09,0,4.8,0,0,8,7,1
Sudeste,Interior,Média,Pública,EAD,Vespertino,Engenharias,Feminino,Preta,28,4.23,Pública,Boa,Desktop,Bolsa Institucional,17.5,0,9,3,2,3,3,1,3,678,0.0,7.61,0,9.6,0,0,10,10,0
Sudeste,Capital,Média,Privada,EAD,Noturno,Saúde,Feminino,Branca,24,2.87,Pública,Boa,Notebook,Prouni,18.2,13,7,4,3,4,3,3,3,504,18.3,6.59,1,9.8,0,0,6,6,0
Centro-Oeste,Capital,Média,Privada,EAD,Noturno,TI/Computação,Masculino,Parda,25,1.74,Pública,Instável,Celular,Nenhum,11.7,0,54,5,4,3,4,3,3,477,24.8,6.33,1,8.7,1,0,8,8,1
Sudeste,Interior,Metrópole,Privada,Presencial,Noturno,Sociais Aplicadas,Feminino,Parda,23,1.41,Pública,Instável,Celular,Prouni,13.3,0,101,5,4,3,4,2,2,547,18.6,7.36,0,9.7,0,0,6,6,0
Sudeste,Capital,Média,Privada,Presencial,Matutino,Artes & Design,Masculino,Parda,23,3.6,Pública,Boa,Notebook,Bolsa Institucional,17.2,0,29,4,3,2,3,3,5,473,12.5,7.89,3,12.7,0,0,6,6,0
Nordeste,Capital,Grande,Privada,Presencial,Integral,Humanas,Masculino,Branca,25,0.74,Pública,Instável,Celular,Bolsa Institucional,12.9,0,78,4,2,3,3,3,4,487,10.7,8.15,0,10.7,0,0,8,8,0
Nordeste,Interior,Grande,Privada,Presencial,Noturno,TI/Computação,Masculino,Parda,20,3.43,Pública,Boa,Notebook,Nenhum,4.8,27,84,4,2,2,3,2,5,696,18.6,4.16,2,8.5,0,0,8,7,0
Centro-Oeste,Interior,Média,Privada,Presencial,Matutino,Saúde,Masculino,Parda,24,3.27,Pública,Boa,Notebook,Nenhum,16.3,0,51,4,2,4,3,4,4,616,3.0,7.34,0,15.2,0,0,8,2,0
Nordeste,Capital,Pequena,Privada,Híbrido,Matutino,Saúde,Masculino,Branca,17,4.61,Pública,Boa,Notebook,Nenhum,11.5,31,75,4,3,3,4,4,3,651,24.1,3.89,1,6.6,0,0,8,5,0
Sudeste,Interior,Pequena,Pública,Presencial,Noturno,Humanas,Masculino,Parda,17,1.49,Pública,Ruim,Celular,Nenhum,8.1,0,38,5,4,3,3,4,4,567,24.4,4.96,2,7.5,0,0,6,2,1
Nordeste,Capital,Média,Pública,EAD,Vespertino,Sociais Aplicadas,Feminino,Parda,17,3.31,Pública,Boa,Celular,Nenhum,13.0,0,46,5,2,4,2,3,2,526,6.6,6.89,2,9.0,0,0,6,5,0
Sul,Capital,Grande,Pública,Presencial,Matutino,Saúde,Masculino,Parda,26,1.15,Pública,Boa,Notebook,Bolsa Institucional,6.8,15,79,5,4,3,3,2,3,604,14.8,5.37,4,3.1,0,0,12,4,0
Nordeste,Interior,Metrópole,Pública,EAD,Noturno,Saúde,Masculino,Parda,23,2.4,Pública,Boa,Notebook,Nenhum,6.3,0,70,2,2,4,3,3,4,473,0.5,5.99,3,7.9,0,0,8,8,0
Sudeste,Capital,Grande,Pública,Presencial,Noturno,TI/Computação,Feminino,Parda,20,1.9,Pública,Ruim,Notebook,Nenhum,7.1,0,57,4,2,3,5,2,2,618,18.1,5.85,1,4.5,0,0,6,6,0
Centro-Oeste,Capital,Pequena,Privada,Presencial,Noturno,Saúde,Feminino,Branca,17,2.85,Pública,Boa,Notebook,Nenhum,6.9,0,57,2,3,3,3,3,4,528,18.6,5.37,1,10.0,0,0,6,6,0
Norte,Interior,Média,Privada,Presencial,Noturno,Sociais Aplicadas,Masculino,Preta,27,6.66,Pública,Boa,Notebook,FIES,12.6,0,73,2,4,3,2,3,4,592,15.5,7.5,0,9.5,0,0,6,6,0
Sul,Interior,Média,Pública,EAD,Matutino,Sociais Aplicadas,Feminino,Branca,17,0.91,Privada,Ruim,Desktop,Nenhum,17.8,0,0,4,2,3,4,3,3,590,3.5,8.14,0,13.3,0,0,6,5,0
Centro-Oeste,Interior,Média,Pública,Presencial,Noturno,TI/Computação,Feminino,Branca,22,1.81,Pública,Instável,Celular,Nenhum,12.8,18,60,5,2,2,5,4,3,502,26.8,4.8,0,6.7,0,0,10,7,1
Centro-Oeste,Capital,Média,Privada,Presencial,Matutino,Sociais Aplicadas,Feminino,Branca,26,2.32,Pública,Boa,Tablet,Prouni,18.5,0,81,3,4,5,3,4,2,632,13.5,6.53,0,10.7,0,0,8,8,0
Norte,Capital,Pequena,Privada,Híbrido,Noturno,Saúde,Feminino,Branca,27,6.88,Pública,Instável,Desktop,Nenhum,3.6,33,21,3,2,4,3,2,4,851,19.3,4.74,1,1.3,0,0,6,6,1
Sudeste,Capital,Grande,Privada,Presencial,Matutino,Ciências Exatas,Masculino,Parda,21,0.79,Pública,Instável,Celular,FIES,8.7,0,77,5,3,3,2,2,5,446,20.1,7.06,0,9.6,0,0,8,4,0
Sul,Capital,Média,Privada,EAD,Noturno,Sociais Aplicadas,Masculino,Branca,23,2.44,Pública,Boa,Celular,Nenhum,6.8,32,8,5,4,3,3,2,4,606,18.9,4.28,2,4.9,0,0,8,8,1
Sul,Interior,Metrópole,Privada,Presencial,Noturno,Sociais Aplicadas,Feminino,Branca,20,1.04,Pública,Instável,Notebook,Nenhum,16.1,38,87,4,2,3,3,3,3,624,20.0,4.63,1,7.3,0,0,8,8,0
Nordeste,Interior,Média,Privada,EAD,Vespertino,Saúde,Feminino,Parda,21,6.21,Pública,Boa,Desktop,Nenhum,13.1,26,26,5,1,4,3,3,3,867,4.4,5.88,0,5.8,0,0,8,8,0
Sudeste,Interior,Pequena,Privada,Presencial,Matutino,Humanas,Masculino,Branca,21,2.7,Pública,Instável,Notebook,Bolsa Institucional,5.5,0,57,3,3,2,4,4,4,900,14.2,7.07,0,7.4,0,0,6,5,0
Sudeste,Capital,Média,Privada,Presencial,Noturno,TI/Computação,Feminino,Branca,20,1.89,Pública,Ruim,Celular,Prouni,3.9,17,70,5,3,4,3,3,3,632,14.7,5.64,0,11.2,0,1,8,2,1
Sudeste,Interior,Grande,Privada,EAD,Matutino,Saúde,Masculino,Preta,17,8.1,Pública,Boa,Notebook,Nenhum,1.4,17,11,5,4,2,4,3,5,745,0.0,6.45,2,6.3,0,0,10,10,0
Sudeste,Capital,Média,Privada,Presencial,Matutino,Humanas,Masculino,Branca,17,3.08,Privada,Instável,Notebook,Nenhum,19.2,0,73,4,2,2,5,4,5,746,17.4,6.56,4,13.2,0,0,8,8,1
Nordeste,Interior,Grande,Privada,Presencial,Matutino,Licenciaturas,Feminino,Parda,18,4.01,Pública,Instável,Desktop,Bolsa Institucional,17.5,0,117,5,4,2,3,4,4,710,9.0,7.34,0,11.1,1,1,10,5,0
Nordeste,Capital,Grande,Privada,Presencial,Matutino,TI/Computação,Masculino,Preta,17,14.95,Pública,Boa,Celular,Nenhum,7.5,31,87,3,4,4,3,1,4,605,18.0,4.07,1,6.0,0,0,8,6,0
Sudeste,Interior,Média,Privada,EAD,Noturno,Artes & Design,Masculino,Preta,27,5.4,Pública,Boa,Notebook,Nenhum,7.0,32,4,4,1,3,3,3,2,533,3.6,5.42,1,1.3,0,0,8,2,0
Sudeste,Interior,Média,Privada,Presencial,Vespertino,Saúde,Masculino,Branca,27,1.58,Pública,Instável,Celular,Prouni,10.7,0,42,4,4,3,4,3,4,688,12.6,6.86,2,8.7,0,0,6,6,0
Sudeste,Interior,Grande,Pública,Presencial,Matutino,Humanas,Feminino,Parda,17,3.33,Pública,Boa,Notebook,Nenhum,13.7,0,44,3,3,1,3,4,2,697,5.3,7.13,0,7.2,0,0,10,2,0
Sudeste,Interior,Pequena,Privada,Híbrido,Noturno,Artes & Design,Masculino,Parda,17,1.31,Pública,Instável,Notebook,Prouni,17.9,0,39,5,3,3,2,2,4,850,7.5,7.98,1,11.8,0,0,8,8,0
Nordeste,Interior,Média,Privada,EAD,Vespertino,Humanas,Feminino,Parda,26,5.38,Pública,Boa,Notebook,Nenhum,11.0,0,24,3,2,4,2,4,3,625,0.7,7.62,0,7.8,1,1,8,8,0
Sudeste,Interior,Grande,Privada,Presencial,Noturno,Saúde,Masculino,Parda,22,4.45,Pública,Boa,Tablet,Nenhum,13.0,17,45,5,2,3,2,3,2,656,11.4,6.6,1,12.0,0,0,6,6,1
Nordeste,Interior,Média,Privada,EAD,Noturno,Engenharias,Masculino,Parda,28,0.56,Pública,Instável,Celular,Prouni,14.1,0,0,5,2,3,3,4,4,633,4.2,7.58,0,7.9,0,1,8,3,0
Norte,Interior,Grande,Pública,EAD,Matutino,Humanas,Feminino,Parda,22,0.57,Pública,Instável,Notebook,Nenhum,19.3,0,33,4,2,3,3,5,3,646,0.5,8.37,0,8.3,1,0,10,6,0
Nordeste,Capital,Pequena,Pública,Presencial,Noturno,TI/Computação,Feminino,Branca,18,2.54,Pública,Boa,Desktop,Nenhum,6.4,29,65,4,4,3,4,3,3,647,19.4,4.61,2,9.6,0,0,8,8,0
Sul,Capital,Grande,Privada,EAD,Noturno,Humanas,Feminino,Parda,21,2.05,Pública,Instável,Notebook,Prouni,15.5,0,7,2,2,3,3,3,4,590,13.3,6.77,3,12.9,1,0,8,8,0
Sudeste,Capital,Metrópole,Privada,EAD,Noturno,Engenharias,Feminino,Parda,29,1.69,Pública,Ruim,Celular,Nenhum,11.9,32,37,5,4,4,2,1,2,636,24.1,5.11,2,7.1,0,0,6,6,0
Sul,Interior,Média,Privada,Presencial,Noturno,Saúde,Feminino,Branca,20,6.26,Pública,Boa,Tablet,Nenhum,7.3,0,66,3,3,3,4,3,3,649,12.7,5.27,2,7.2,0,0,6,6,1
Nordeste,Interior,Média,Pública,Presencial,Noturno,Licenciaturas,Feminino,Branca,35,3.19,Pública,Boa,Notebook,Nenhum,5.3,0,102,5,3,3,3,3,3,656,3.1,7.46,1,8.0,0,0,8,5,0
Sudeste,Interior,Grande,Pública,Híbrido,Noturno,Humanas,Masculino,Branca,22,1.15,Pública,Boa,Celular,Nenhum,10.9,42,43,5,4,3,3,4,3,579,19.6,4.68,0,11.6,0,0,8,5,1
Nordeste,Capital,Grande,Privada,Presencial,Matutino,Humanas,Feminino,Branca,17,0.93,Pública,Boa,Celular,FIES,7.7,39,48,5,3,4,4,1,4,577,18.0,4.6,3,3.7,0,0,6,6,0
Sudeste,Capital,Metrópole,Privada,Híbrido,Matutino,Engenharias,Masculino,Amarela,23,5.44,Pública,Ruim,Celular,Nenhum,15.4,0,44,5,2,2,4,2,4,626,9.0,8.06,0,6.8,0,0,6,2,0
Nordeste,Capital,Média,Privada,EAD,Noturno,Ciências Exatas,Masculino,Preta,24,3.98,Pública,Boa,Notebook,FIES,15.0,0,16,3,5,4,4,2,4,749,10.7,6.56,0,6.1,0,0,6,3,0
Norte,Interior,Grande,Privada,EAD,Noturno,Ciências Exatas,Masculino,Parda,17,14.29,Pública,Boa,Notebook,Nenhum,16.5,22,0,1,4,2,5,2,3,478,16.9,6.16,1,12.6,1,0,8,8,0
Sudeste,Interior,Média,Privada,EAD,Matutino,Humanas,Masculino,Parda,17,1.59,Pública,Boa,Celular,Bolsa Institucional,12.9,0,0,5,2,3,3,4,4,419,0.0,8.2,1,2.4,0,0,8,8,0
Centro-Oeste,Interior,Grande,Pública,Presencial,Vespertino,Humanas,Feminino,Branca,20,3.13,Pública,Instável,Celular,Nenhum,7.1,18,44,2,3,3,3,3,4,655,22.8,5.34,3,1.1,0,0,6,6,0
Nordeste,Capital,Grande,Pública,EAD,Noturno,TI/Computação,Masculino,Branca,20,3.65,Pública,Instável,Celular,Bolsa Institucional,17.5,22,50,2,4,2,3,3,4,780,15.0,7.59,0,7.6,0,0,10,9,0
Centro-Oeste,Capital,Média,Privada,Presencial,Noturno,Engenharias,Feminino,Branca,23,1.5,Pública,Boa,Celular,Prouni,20.7,0,61,5,3,4,3,2,2,402,20.1,5.88,0,7.3,0,0,8,8,1
Sudeste,Capital,Grande,Privada,Presencial,Noturno,Saúde,Feminino,Branca,20,4.64,Privada,Instável,Desktop,Nenhum,12.3,0,68,2,2,2,4,3,3,900,5.9,7.92,0,5.7,1,0,6,2,0
Nordeste,Capital,Metrópole,Privada,Presencial,Matutino,TI/Computação,Feminino,Branca,20,2.49,Pública,Boa,Notebook,Nenhum,6.4,35,60,3,4,4,4,3,3,744,23.7,3.85,1,0.2,0,0,6,6,1
Sudeste,Capital,Metrópole,Pública,Presencial,Matutino,Licenciaturas,Feminino,Parda,20,1.9,Pública,Boa,Celular,Nenhum,14.0,19,96,4,3,2,1,4,4,645,13.5,5.99,0,5.3,0,0,10,8,0
Sudeste,Capital,Média,Privada,EAD,Noturno,TI/Computação,Feminino,Branca,21,1.66,Pública,Boa,Notebook,Nenhum,14.2,16,0,5,3,2,4,2,3,500,6.9,5.5,2,5.6,0,0,8,8,0
Sudeste,Capital,Pequena,Privada,EAD,Noturno,Sociais Aplicadas,Masculino,Preta,17,2.78,Pública,Boa,Notebook,Nenhum,3.6,0,8,5,3,2,4,4,4,427,6.2,5.66,0,4.8,0,0,6,6,0
Sudeste,Interior,Média,Privada,EAD,Noturno,Ciências Exatas,Masculino,Preta,21,3.31,Pública,Boa,Celular,Prouni,10.4,29,30,3,3,4,3,2,2,447,11.7,5.6,2,3.9,0,0,6,6,0
Sudeste,Interior,Metrópole,Privada,Híbrido,Matutino,Saúde,Masculino,Branca,21,1.92,Pública,Instável,Celular,Nenhum,3.4,0,69,4,3,3,3,2,3,536,11.7,6.56,0,3.6,0,0,6,6,0
Nordeste,Interior,Média,Privada,Presencial,Noturno,TI/Computação,Masculino,Parda,24,3.86,Privada,Instável,Notebook,Nenhum,9.7,0,76,3,3,3,3,2,3,693,21.7,6.66,0,9.5,0,0,12,5,0
Sudeste,Interior,Pequena,Pública,Presencial,Matutino,Humanas,Masculino,Parda,22,1.58,Pública,Boa,Notebook,Nenhum,7.9,0,41,4,4,3,3,2,2,663,20.3,6.9,0,7.5,0,0,8,8,1
Sul,Capital,Média,Privada,Híbrido,Noturno,Saúde,Masculino,Parda,17,3.59,Pública,Boa,Desktop,Bolsa Institucional,10.9,23,3,3,3,5,3,3,5,651,22.2,5.23,1,7.7,0,0,8,5,0
Sudeste,Capital,Média,Privada,Presencial,Vespertino,Humanas,Feminino,Branca,22,2.31,Pública,Instável,Notebook,Nenhum,1.1,0,38,3,3,2,4,3,5,684,3.9,5.94,0,9.8,0,0,10,9,0
Sul,Interior,Pequena,Privada,EAD,Noturno,Sociais Aplicadas,Masculino,Parda,21,3.66,Pública,Boa,Celular,Nenhum,12.6,14,0,4,2,3,2,3,4,626,0.0,6.8,1,7.2,0,0,10,3,0
Nordeste,Capital,Pequena,Privada,Presencial,Vespertino,Ciências Exatas,Masculino,Branca,21,1.04,Privada,Instável,Notebook,Nenhum,10.4,15,71,3,4,4,4,3,4,509,15.6,5.18,3,5.8,0,0,12,8,0
Nordeste,Interior,Média,Privada,EAD,Matutino,Licenciaturas,Masculino,Branca,24,1.82,Pública,Instável,Celular,FIES,8.5,10,20,4,2,4,3,2,5,656,1.2,6.87,0,8.5,1,0,8,8,0
Nordeste,Capital,Pequena,Pública,Presencial,Matutino,Sociais Aplicadas,Masculino,Branca,20,2.2,Privada,Ruim,Notebook,Nenhum,17.5,0,74,2,3,3,2,2,5,696,4.0,8.55,0,15.1,0,0,12,1,0
Sudeste,Interior,Média,Pública,Presencial,Matutino,Humanas,Feminino,Branca,17,1.69,Pública,Instável,Tablet,Nenhum,22.4,0,87,3,3,3,3,3,4,718,17.1,7.56,0,6.2,0,0,8,8,0
Nordeste,Capital,Grande,Privada,Presencial,Matutino,Saúde,Feminino,Indígena,21,1.89,Pública,Boa,Celular,FIES,3.9,0,0,5,5,4,3,3,4,609,17.5,5.51,1,7.7,0,0,8,7,0
Nordeste,Interior,Metrópole,Privada,Presencial,Matutino,Engenharias,Feminino,Branca,18,3.97,Pública,Boa,Notebook,Bolsa Institucional,18.6,0,54,3,1,4,3,4,4,708,11.3,7.93,1,10.4,1,0,10,7,1
Sudeste,Capital,Grande,Privada,Presencial,Noturno,Licenciaturas,Masculino,Branca,20,2.26,Pública,Instável,Notebook,Prouni,17.4,26,72,3,4,2,3,2,4,532,20.5,5.89,2,9.4,0,0,8,6,0
Nordeste,Capital,Média,Pública,Presencial,Matutino,TI/Computação,Feminino,Parda,17,2.03,Pública,Boa,Celular,Nenhum,6.3,41,86,5,4,4,5,4,4,702,17.1,4.06,1,0.0,0,0,8,8,1
Nordeste,Interior,Metrópole,Pública,Presencial,Vespertino,Engenharias,Masculino,Branca,21,3.04,Privada,Boa,Notebook,Bolsa Institucional,12.9,0,70,3,2,4,3,4,4,702,13.6,6.5,0,8.5,0,0,8,4,0
Norte,Interior,Média,Privada,EAD,Matutino,Artes & Design,Masculino,Preta,27,3.37,Pública,Ruim,Celular,Nenhum,5.6,33,6,3,3,3,2,3,3,495,6.1,4.58,1,9.2,0,0,8,7,0
Centro-Oeste,Interior,Média,Pública,EAD,Noturno,Engenharias,Feminino,Parda,21,1.7,Pública,Ruim,Celular,Nenhum,11.2,32,14,3,2,3,4,4,3,553,13.5,5.55,1,0.6,0,0,6,3,1
Nordeste,Capital,Grande,Privada,Presencial,Noturno,Sociais Aplicadas,Feminino,Branca,18,2.62,Privada,Ruim,Notebook,Nenhum,12.1,20,55,4,1,2,1,2,4,777,1.9,7.44,2,7.6,1,0,8,8,0
Sudeste,Interior,Metrópole,Privada,Presencial,Matutino,Engenharias,Masculino,Parda,23,3.94,Pública,Instável,Notebook,FIES,3.2,0,86,3,3,5,4,2,4,697,19.1,5.43,1,4.6,0,0,10,9,1
Norte,Interior,Média,Privada,Presencial,Matutino,Saúde,Feminino,Branca,17,3.81,Privada,Ruim,Notebook,Nenhum,12.8,0,81,4,2,4,5,3,3,818,9.5,6.7,0,6.8,0,0,8,3,0
Sudeste,Interior,Grande,Pública,Presencial,Vespertino,Humanas,Masculino,Branca,22,0.86,Pública,Boa,Notebook,Nenhum,16.2,0,44,5,2,3,4,2,4,654,15.6,7.19,2,16.3,1,0,12,1,0
Sul,Interior,Média,Pública,Híbrido,Matutino,Sociais Aplicadas,Feminino,Branca,30,0.77,Pública,Ruim,Notebook,Nenhum,1.9,21,7,4,3,1,4,5,3,810,18.0,4.12,1,0.8,0,0,6,1,1
Sudeste,Interior,Média,Pública,Presencial,Noturno,Saúde,Masculino,Parda,19,1.06,Pública,Instável,Celular,Nenhum,7.8,30,50,4,4,3,4,3,3,557,24.4,4.57,2,1.5,0,0,10,10,1
Sudeste,Interior,Grande,Privada,EAD,Noturno,Licenciaturas,Feminino,Parda,17,7.47,Pública,Boa,Notebook,Nenhum,14.3,0,94,4,3,1,4,3,2,666,9.4,7.4,2,5.6,0,0,6,6,0
Sul,Capital,Metrópole,Privada,Presencial,Integral,Engenharias,Feminino,Branca,21,1.86,Pública,Boa,Celular,FIES,12.8,16,92,4,3,3,4,2,4,573,13.4,7.23,0,8.3,0,0,8,8,0
Norte,Capital,Média,Privada,Presencial,Noturno,Licenciaturas,Masculino,Branca,17,1.81,Pública,Instável,Celular,Prouni,20.6,23,20,4,3,3,2,2,4,735,17.7,6.45,1,10.2,1,0,8,2,0
Sudeste,Capital,Média,Privada,EAD,Matutino,TI/Computação,Masculino,Parda,21,1.28,Pública,Instável,Notebook,Nenhum,13.0,0,47,5,2,4,2,3,5,670,1.4,6.54,1,18.1,0,0,8,5,0
Sul,Capital,Pequena,Privada,Presencial,Vespertino,Sociais Aplicadas,Masculino,Parda,23,2.43,Privada,Boa,Celular,FIES,14.0,9,80,2,1,2,3,3,4,540,9.5,6.54,0,6.4,0,0,8,8,0
Nordeste,Interior,Pequena,Privada,Presencial,Matutino,Sociais Aplicadas,Feminino,Parda,20,8.95,Pública,Instável,Tablet,Nenhum,13.6,0,91,4,4,3,2,2,3,684,5.5,6.91,0,15.2,0,0,8,2,0
Sudeste,Interior,Média,Pública,Presencial,Noturno,TI/Computação,Feminino,Branca,32,0.9,Pública,Boa,Desktop,Bolsa Institucional,12.6,0,68,4,4,3,3,4,3,768,15.2,6.08,2,10.9,0,0,8,8,0
Nordeste,Capital,Média,Privada,Presencial,Matutino,Humanas,Masculino,Branca,27,3.47,Pública,Boa,Celular,Nenhum,20.5,0,107,4,4,3,3,4,3,858,13.0,7.78,0,11.2,0,0,10,3,0
Nordeste,Capital,Pequena,Privada,EAD,Matutino,TI/Computação,Feminino,Parda,22,4.99,Pública,Instável,Celular,Nenhum,4.4,0,14,3,3,2,4,3,3,627,10.9,6.39,1,7.6,0,0,6,6,0
Norte,Interior,Pequena,Privada,Presencial,Noturno,Humanas,Masculino,Parda,17,3.68,Pública,Boa,Notebook,Nenhum,11.8,0,135,3,1,3,3,2,2,784,24.1,7.11,1,7.2,0,1,8,4,0
Sul,Interior,Média,Privada,Presencial,Vespertino,Saúde,Masculino,Parda,19,2.29,Pública,Instável,Notebook,Nenhum,10.5,0,93,3,4,2,4,1,4,559,20.7,6.32,1,10.5,0,0,8,8,0
Sudeste,Capital,Pequena,Pública,EAD,Noturno,Saúde,Feminino,Preta,17,3.53,Privada,Boa,Celular,Nenhum,6.0,15,0,3,3,3,4,3,2,466,3.6,5.98,4,10.3,0,0,10,10,0
Sudeste,Interior,Pequena,Pública,Presencial,Noturno,Engenharias,Feminino,Preta,20,3.28,Pública,Instável,Celular,Nenhum,12.4,28,56,2,3,2,3,3,4,637,10.1,7.27,1,8.2,0,0,8,8,0
Sudeste,Interior,Média,Privada,Presencial,Vespertino,Humanas,Masculino,Branca,27,2.39,Pública,Instável,Celular,Nenhum,14.7,0,56,2,2,2,3,2,4,547,3.5,9.0,0,10.4,0,0,8,6,0
Nordeste,Capital,Metrópole,Pública,Presencial,Noturno,Artes & Design,Masculino,Parda,22,1.47,Privada,Boa,Notebook,Nenhum,15.9,29,63,3,4,2,3,4,4,628,25.1,4.7,2,6.1,0,0,10,4,1
Sudeste,Interior,Pequena,Privada,EAD,Integral,Sociais Aplicadas,Feminino,Parda,32,2.09,Pública,Instável,Notebook,Nenhum,19.8,0,54,3,2,3,4,1,4,407,0.3,7.56,0,6.0,0,0,10,6,0
Nordeste,Capital,Grande,Privada,Presencial,Noturno,Ciências Exatas,Feminino,Parda,25,2.08,Pública,Boa,Notebook,Prouni,6.4,0,43,2,2,4,3,2,3,695,12.4,6.19,2,7.8,0,0,8,8,0
Norte,Interior,Pequena,Pública,Presencial,Noturno,TI/Computação,Masculino,Preta,23,1.61,Pública,Instável,Notebook,Nenhum,11.5,20,58,4,2,4,5,4,5,557,12.1,6.7,1,5.2,0,0,8,8,0
Sudeste,Interior,Média,Privada,Presencial,Noturno,Artes & Design,Masculino,Branca,26,2.6,Pública,Instável,Notebook,Nenhum,9.8,25,96,3,2,3,3,2,4,798,15.2,5.4,3,2.1,0,0,8,2,1
Sudeste,Capital,Pequena,Pública,EAD,Matutino,Saúde,Feminino,Parda,19,2.43,Privada,Boa,Notebook,Nenhum,16.3,0,0,2,4,1,4,3,4,478,7.8,7.66,1,16.1,0,0,8,8,0
Sul,Interior,Metrópole,Privada,Presencial,Noturno,Humanas,Feminino,Parda,21,0.35,Pública,Instável,Celular,Nenhum,10.1,30,45,5,2,1,5,4,3,775,8.4,5.47,3,4.9,0,0,8,6,0
Nordeste,Capital,Média,Privada,Presencial,Noturno,Licenciaturas,Feminino,Branca,27,4.12,Pública,Instável,Celular,Nenhum,12.2,0,38,4,4,2,3,3,3,628,16.6,6.3,1,10.0,0,0,12,12,1
Sudeste,Capital,Média,Privada,Presencial,Matutino,Humanas,Masculino,Parda,24,3.99,Pública,Boa,Desktop,Nenhum,9.9,16,33,3,3,2,5,4,4,662,21.6,6.66,0,3.2,0,0,8,5,0
Sudeste,Capital,Grande,Privada,Presencial,Noturno,TI/Computação,Prefiro não responder,Branca,17,1.14,Pública,Boa,Celular,Nenhum,20.2,0,46,5,3,3,5,3,3,478,13.2,6.89,1,11.6,1,0,8,5,0
Centro-Oeste,Interior,Grande,Privada,Presencial,Noturno,Engenharias,Masculino,Preta,20,1.74,Privada,Instável,Celular,FIES,13.1,17,88,4,4,1,2,3,4,818,24.1,7.6,2,6.3,0,0,10,10,0
Centro-Oeste,Capital,Grande,Pública,Presencial,Noturno,Sociais Aplicadas,Masculino,Parda,17,0.75,Pública,Boa,Tablet,Nenhum,14.2,0,39,5,3,4,2,2,3,603,11.9,6.54,0,1.9,0,0,10,3,0
Sul,Capital,Pequena,Privada,Presencial,Noturno,Engenharias,Feminino,Branca,20,3.59,Pública,Instável,Desktop,FIES,21.0,33,19,4,3,4,2,2,4,629,8.9,6.8,2,8.1,0,0,6,6,0
Nordeste,Interior,Pequena,Privada,Presencial,Noturno,Sociais Aplicadas,Feminino,Parda,27,0.5,Pública,Instável,Celular,Nenhum,7.9,26,80,5,4,4,4,3,5,472,25.0,3.95,4,6.2,0,0,10,10,1
Nordeste,Interior,Grande,Privada,EAD,Matutino,Engenharias,Masculino,Branca,18,1.51,Pública,Boa,Notebook,Prouni,13.9,4,35,5,3,3,3,2,4,750,12.2,6.51,1,12.5,0,0,8,7,0
Sudeste,Capital,Média,Pública,Presencial,Integral,Saúde,Feminino,Branca,26,4.06,Pública,Instável,Celular,Nenhum,9.7,10,70,3,2,4,3,3,5,424,15.1,6.68,2,4.7,0,0,8,2,0
Sudeste,Capital,Média,Privada,EAD,Noturno,TI/Computação,Feminino,Parda,25,2.78,Pública,Boa,Notebook,Nenhum,9.0,0,31,5,3,4,3,2,4,619,5.6,8.49,0,13.0,1,0,8,3,0
Sudeste,Capital,Pequena,Pública,Presencial,Noturno,Saúde,Feminino,Branca,19,2.82,Privada,Instável,Notebook,Nenhum,0.0,14,86,3,5,4,2,4,4,794,25.9,4.23,4,4.7,0,0,8,6,1
Sudeste,Interior,Pequena,Pública,Presencial,Noturno,Humanas,Feminino,Branca,17,2.15,Pública,Ruim,Notebook,Nenhum,10.8,15,84,2,3,2,3,1,4,445,18.3,6.46,0,7.5,0,0,10,10,1
Nordeste,Interior,Pequena,Privada,Presencial,Noturno,TI/Computação,Feminino,Parda,21,3.51,Pública,Instável,Celular,Prouni,10.9,27,61,4,3,3,4,4,4,492,17.3,4.86,1,5.3,0,0,12,8,1
Norte,Capital,Média,Privada,Presencial,Noturno,Humanas,Masculino,Branca,17,1.49,Pública,Boa,Celular,Nenhum,11.7,0,26,4,4,2,3,2,4,727,20.5,6.9,1,13.9,0,0,6,2,0
Norte,Interior,Pequena,Privada,Presencial,Integral,Licenciaturas,Masculino,Parda,24,3.05,Pública,Boa,Celular,Nenhum,8.7,21,63,5,5,3,3,2,2,624,23.9,5.16,2,4.5,0,0,8,8,1
Sul,Interior,Pequena,Privada,Híbrido,Noturno,Saúde,Masculino,Parda,17,1.91,Pública,Boa,Desktop,FIES,3.9,26,35,5,5,3,3,1,4,671,19.9,4.06,0,2.5,0,0,8,8,1
Norte,Capital,Metrópole,Privada,Híbrido,Matutino,Saúde,Masculino,Parda,25,5.1,Privada,Instável,Notebook,Nenhum,11.8,0,52,4,1,3,5,2,4,633,0.0,7.69,0,8.6,0,0,8,8,0
Nordeste,Interior,Média,Privada,Híbrido,Noturno,TI/Computação,Feminino,Parda,25,2.44,Pública,Boa,Desktop,Nenhum,7.3,35,41,2,4,4,3,3,3,604,18.8,4.69,0,5.0,0,0,8,5,1
Centro-Oeste,Interior,Grande,Pública,Presencial,Noturno,Ciências Exatas,Masculino,Branca,22,3.52,Privada,Instável,Tablet,Nenhum,14.4,16,82,4,2,3,2,2,3,543,18.4,7.11,1,16.8,0,0,6,6,1
Nordeste,Capital,Grande,Privada,Presencial,Vespertino,TI/Computação,Masculino,Parda,33,4.3,Pública,Ruim,Notebook,Nenhum,5.5,29,68,3,5,3,4,3,2,602,15.9,4.93,2,1.9,0,0,6,6,1
Norte,Capital,Pequena,Privada,EAD,Noturno,Humanas,Masculino,Parda,26,4.56,Pública,Boa,Notebook,Prouni,7.8,8,7,3,2,4,4,4,4,523,5.0,7.36,1,13.0,0,0,8,8,0
Sul,Interior,Média,Privada,Presencial,Noturno,Saúde,Masculino,Preta,20,1.21,Privada,Boa,Tablet,Prouni,17.8,0,110,5,4,2,4,3,5,765,24.6,7.38,0,11.8,0,0,8,8,1
Sudeste,Interior,Grande,Privada,EAD,Noturno,Saúde,Feminino,Amarela,26,1.18,Privada,Ruim,Celular,Nenhum,9.4,0,19,5,3,4,5,3,2,624,0.0,6.78,1,10.6,0,0,12,10,0
Sul,Interior,Grande,Privada,EAD,Noturno,Humanas,Feminino,Parda,20,8.92,Privada,Boa,Notebook,Nenhum,5.8,7,8,2,3,2,3,2,4,601,5.2,5.97,2,7.2,0,0,10,10,0
Sudeste,Interior,Pequena,Privada,Presencial,Vespertino,Ciências Exatas,Masculino,Parda,26,0.68,Pública,Ruim,Notebook,FIES,4.4,28,54,5,2,3,2,2,2,581,13.8,5.44,1,0.5,0,0,8,8,1
Sudeste,Capital,Grande,Privada,Presencial,Noturno,Humanas,Feminino,Branca,21,1.96,Pública,Ruim,Celular,Prouni,11.9,0,55,5,4,3,4,1,2,751,14.9,7.0,1,9.0,0,0,8,8,1
Sudeste,Interior,Pequena,Privada,Presencial,Noturno,Saúde,Masculino,Parda,28,1.81,Pública,Instável,Celular,Bolsa Institucional,7.7,4,32,5,2,2,3,2,4,320,14.9,5.84,0,3.5,0,0,8,8,0
Nordeste,Capital,Média,Pública,Híbrido,Noturno,Saúde,Masculino,Parda,17,3.85,Privada,Boa,Celular,Nenhum,8.9,29,45,2,2,3,4,4,5,839,19.9,4.48,0,1.5,0,0,6,6,1
Sudeste,Capital,Pequena,Privada,Híbrido,Noturno,TI/Computação,Feminino,Branca,17,0.89,Pública,Boa,Celular,Nenhum,16.2,0,61,5,3,3,3,3,5,818,9.9,6.85,0,10.9,0,0,8,8,0
Sudeste,Interior,Média,Privada,Presencial,Matutino,Saúde,Feminino,Parda,17,1.97,Pública,Instável,Celular,Prouni,17.2,0,68,5,2,2,3,3,3,692,11.4,6.75,3,5.2,0,0,10,6,0
Nordeste,Interior,Média,Privada,Presencial,Noturno,Ciências Exatas,Masculino,Parda,18,5.98,Pública,Boa,Tablet,Nenhum,8.4,0,102,4,2,2,3,4,4,566,4.9,8.02,1,5.6,0,0,6,6,0
Sudeste,Interior,Pequena,Pública,Presencial,Noturno,Licenciaturas,Masculino,Branca,17,3.8,Pública,Boa,Notebook,Bolsa Institucional,6.2,35,70,4,3,3,2,4,4,599,22.0,5.78,1,3.5,0,0,8,7,0
Sudeste,Interior,Pequena,Privada,Híbrido,Matutino,Ciências Exatas,Masculino,Parda,17,2.8,Pública,Boa,Notebook,Prouni,7.6,16,44,4,3,2,3,3,3,561,9.5,6.85,1,4.0,0,0,8,8,0
Centro-Oeste,Capital,Média,Privada,EAD,Vespertino,Ciências Exatas,Feminino,Parda,20,1.29,Privada,Boa,Celular,Nenhum,10.0,27,16,4,2,3,1,2,4,688,6.5,6.08,2,7.7,1,0,10,8,1
Sul,Interior,Média,Privada,Presencial,Matutino,TI/Computação,Feminino,Parda,25,0.63,Pública,Ruim,Celular,Bolsa Institucional,13.6,12,126,5,4,2,3,3,3,458,17.5,5.38,0,6.9,0,0,8,3,0
Sudeste,Interior,Pequena,Privada,Híbrido,Noturno,Ciências Exatas,Masculino,Parda,22,3.07,Pública,Boa,Celular,Nenhum,20.6,14,53,1,2,3,3,3,4,599,11.7,7.91,0,6.9,0,0,10,7,0
Sudeste,Interior,Pequena,Pública,Híbrido,Noturno,Sociais Aplicadas,Feminino,Preta,20,0.59,Pública,Boa,Celular,Nenhum,1.1,34,50,4,3,3,2,3,4,592,19.4,4.74,0,1.5,0,0,8,8,1
Sul,Interior,Média,Privada,EAD,Noturno,TI/Computação,Feminino,Branca,21,3.93,Pública,Instável,Notebook,Nenhum,13.8,8,0,4,3,2,4,4,2,749,12.2,6.68,1,4.5,1,0,8,4,1
Sudeste,Capital,Média,Privada,EAD,Noturno,Engenharias,Feminino,Branca,21,10.61,Privada,Boa,Tablet,Nenhum,15.3,38,31,4,3,3,3,2,3,706,16.1,5.98,3,4.5,0,0,6,6,0
Norte,Capital,Grande,Pública,Presencial,Noturno,Ciências Exatas,Masculino,Parda,24,1.07,Pública,Boa,Celular,Nenhum,6.8,11,86,4,3,3,3,4,3,451,15.4,6.04,0,7.0,0,0,8,7,0
Sudeste,Capital,Média,Privada,Presencial,Matutino,TI/Computação,Masculino,Branca,26,2.99,Privada,Boa,Notebook,Prouni,20.0,0,56,3,1,4,4,3,3,655,10.8,8.06,3,13.6,0,0,8,6,0
Sudeste,Interior,Média,Pública,EAD,Matutino,Saúde,Feminino,Branca,33,0.88,Pública,Instável,Celular,Nenhum,11.1,37,30,5,4,4,2,4,5,723,11.9,4.95,1,13.5,0,0,8,5,1
Sudeste,Capital,Metrópole,Privada,Híbrido,Vespertino,Sociais Aplicadas,Masculino,Branca,24,0.74,Pública,Boa,Celular,Prouni,14.8,31,49,4,4,4,4,4,4,576,21.8,4.8,3,9.4,0,0,8,8,1
Sudeste,Interior,Média,Pública,EAD,Matutino,Licenciaturas,Feminino,Parda,31,1.84,Pública,Boa,Celular,Bolsa Institucional,9.5,0,3,3,3,4,3,4,2,588,0.0,8.22,0,10.6,0,1,6,3,0
Sudeste,Capital,Metrópole,Pública,EAD,Noturno,Engenharias,Masculino,Preta,19,2.31,Pública,Boa,Desktop,Nenhum,8.0,0,36,3,3,3,2,2,3,722,12.8,6.38,2,8.3,0,0,12,3,0
Sudeste,Interior,Média,Privada,EAD,Integral,TI/Computação,Feminino,Branca,21,2.1,Pública,Boa,Notebook,Nenhum,11.4,0,8,5,5,2,5,3,3,515,3.5,6.75,2,7.7,0,0,8,5,0
Sul,Interior,Grande,Privada,Híbrido,Matutino,Engenharias,Feminino,Parda,24,14.35,Pública,Boa,Celular,Prouni,16.7,0,46,4,2,4,1,2,3,754,0.0,8.54,0,12.1,1,1,10,7,0
Nordeste,Capital,Média,Privada,Híbrido,Matutino,Ciências Exatas,Outro,Branca,23,4.92,Privada,Boa,Tablet,Bolsa Institucional,5.2,28,50,4,3,3,3,4,3,813,13.6,6.41,0,2.4,0,0,10,10,0
Sudeste,Interior,Pequena,Pública,Presencial,Vespertino,Sociais Aplicadas,Outro,Parda,17,1.0,Privada,Ruim,Notebook,Nenhum,5.7,24,89,3,3,3,3,3,3,671,29.0,4.15,2,6.4,0,0,8,7,1
Norte,Interior,Grande,Pública,Presencial,Matutino,Engenharias,Feminino,Preta,26,2.74,Pública,Instável,Desktop,Nenhum,13.1,28,49,2,3,4,2,1,3,575,10.3,5.85,1,3.6,0,0,6,6,0
Sudeste,Interior,Pequena,Privada,Presencial,Noturno,Humanas,Masculino,Branca,17,2.54,Pública,Instável,Notebook,Nenhum,10.5,26,103,3,5,3,4,2,3,720,31.8,3.8,1,3.6,0,0,10,10,1
Nordeste,Interior,Média,Privada,Presencial,Noturno,Ciências Exatas,Feminino,Preta,17,1.67,Pública,Boa,Notebook,Nenhum,11.3,0,64,5,3,3,4,4,5,766,14.9,6.77,2,10.5,0,0,8,8,1
Nordeste,Interior,Grande,Privada,Presencial,Noturno,Saúde,Masculino,Branca,31,1.58,Pública,Ruim,Notebook,Prouni,24.3,0,102,3,3,4,3,4,3,569,2.7,8.05,2,11.0,0,0,6,4,0
Nordeste,Capital,Pequena,Pública,Presencial,Noturno,Sociais Aplicadas,Masculino,Preta,17,6.1,Pública,Instável,Notebook,Nenhum,18.3,31,18,4,3,3,4,3,3,512,21.4,5.4,2,6.8,0,0,8,8,1
Sudeste,Interior,Média,Privada,Híbrido,Integral,Humanas,Feminino,Amarela,17,1.37,Pública,Instável,Celular,FIES,1.3,21,35,3,5,3,4,2,3,504,15.8,4.19,2,11.9,0,0,10,6,1
Sudeste,Capital,Média,Pública,Híbrido,Matutino,Humanas,Masculino,Branca,22,8.75,Pública,Instável,Desktop,Nenhum,9.4,0,12,4,1,1,3,4,3,649,9.6,7.22,2,10.8,0,0,12,11,0
Norte,Interior,Média,Privada,EAD,Noturno,TI/Computação,Feminino,Branca,17,2.25,Pública,Boa,Celular,Bolsa Institucional,9.8,35,10,2,3,3,3,3,4,455,0.1,6.84,1,2.5,0,0,8,8,0
Norte,Capital,Média,Privada,Híbrido,Matutino,Artes & Design,Feminino,Branca,25,0.97,Pública,Instável,Notebook,Nenhum,4.3,0,42,5,3,2,3,3,3,605,17.7,5.69,2,3.6,0,0,10,5,1
Norte,Interior,Média,Privada,EAD,Vespertino,Saúde,Feminino,Branca,26,2.75,Privada,Boa,Notebook,Nenhum,14.4,26,6,1,3,3,2,1,3,583,19.9,5.86,1,5.3,0,0,6,6,0
Nordeste,Capital,Média,Privada,Presencial,Noturno,Humanas,Masculino,Branca,34,0.99,Pública,Instável,Notebook,Prouni,12.8,0,21,4,2,3,4,5,5,648,0.0,7.73,0,8.9,0,1,10,8,0
Sudeste,Interior,Pequena,Privada,Presencial,Matutino,Engenharias,Masculino,Parda,20,7.29,Pública,Boa,Celular,Nenhum,5.9,35,71,5,4,3,4,2,3,583,28.9,3.31,0,8.3,0,0,8,1,1
Sudeste,Capital,Pequena,Privada,Presencial,Vespertino,Ciências Exatas,Masculino,Branca,22,6.36,Pública,Boa,Celular,Bolsa Institucional,8.1,0,31,3,1,3,3,3,4,758,15.1,6.68,3,12.7,1,0,8,4,0
Sul,Interior,Grande,Privada,Presencial,Noturno,Engenharias,Feminino,Branca,20,4.41,Pública,Boa,Celular,Prouni,16.6,0,79,4,2,3,2,4,4,754,12.3,6.17,1,9.2,0,0,6,2,0
Sudeste,Interior,Pequena,Privada,Presencial,Noturno,Humanas,Feminino,Branca,25,0.86,Pública,Instável,Notebook,Prouni,0.0,25,103,5,4,4,2,2,5,475,18.5,3.48,2,4.1,0,0,8,2,0
Sudeste,Interior,Grande,Privada,Presencial,Matutino,Saúde,Masculino,Parda,21,7.71,Privada,Instável,Notebook,Nenhum,14.1,0,93,2,4,5,3,2,3,657,18.7,5.36,1,7.4,0,0,10,9,1
Nordeste,Capital,Média,Pública,EAD,Matutino,Licenciaturas,Feminino,Parda,28,2.27,Pública,Boa,Notebook,Nenhum,14.9,0,34,4,3,3,5,4,3,477,16.1,5.77,0,5.4,1,0,6,6,0
Centro-Oeste,Interior,Pequena,Pública,Presencial,Matutino,Artes & Design,Masculino,Preta,30,2.7,Pública,Boa,Notebook,Bolsa Institucional,2.8,0,48,2,2,4,1,2,5,542,2.4,6.44,2,8.6,0,0,8,3,0
Nordeste,Interior,Média,Privada,Presencial,Noturno,TI/Computação,Feminino,Branca,17,0.64,Pública,Boa,Notebook,Nenhum,6.2,10,98,5,4,3,5,4,3,659,17.6,5.6,1,2.3,0,0,6,2,0
Sudeste,Interior,Pequena,Privada,EAD,Noturno,Ciências Exatas,Feminino,Preta,24,1.94,Pública,Boa,Celular,Nenhum,9.4,33,0,4,2,3,5,3,2,398,10.1,5.27,0,0.0,0,0,10,5,0
Sudeste,Interior,Média,Pública,EAD,Vespertino,Humanas,Feminino,Preta,25,2.62,Pública,Ruim,Notebook,Nenhum,13.4,10,5,3,3,4,4,1,3,687,3.8,6.22,2,5.5,1,0,10,2,0
Nordeste,Capital,Média,Privada,Presencial,Vespertino,TI/Computação,Masculino,Branca,19,5.81,Pública,Instável,Celular,Nenhum,12.1,35,85,3,4,3,4,4,5,732,19.4,4.78,0,1.4,0,0,10,1,1
Sudeste,Capital,Média,Pública,Híbrido,Matutino,Saúde,Feminino,Amarela,25,1.73,Privada,Boa,Notebook,Nenhum,3.7,0,11,4,4,3,3,3,3,633,10.2,6.08,1,7.1,0,0,8,8,0
Nordeste,Capital,Média,Privada,EAD,Vespertino,Sociais Aplicadas,Feminino,Branca,29,0.3,Pública,Instável,Notebook,FIES,5.8,30,0,3,4,2,4,4,4,661,17.0,4.83,4,0.7,0,0,10,3,0
Sudeste,Interior,Média,Privada,Presencial,Noturno,Saúde,Feminino,Parda,28,2.07,Pública,Instável,Notebook,Nenhum,13.0,36,104,3,5,4,3,3,4,665,26.9,5.96,1,6.5,0,0,6,3,1
Centro-Oeste,Interior,Grande,Privada,Presencial,Noturno,Artes & Design,Masculino,Branca,25,1.99,Privada,Ruim,Celular,Prouni,17.0,0,18,4,1,2,3,3,2,779,1.9,8.73,2,9.0,0,0,8,8,0
Centro-Oeste,Interior,Grande,Privada,Presencial,Integral,Sociais Aplicadas,Masculino,Parda,26,0.8,Pública,Boa,Desktop,FIES,8.3,16,90,4,3,3,3,3,4,692,16.8,5.46,4,5.2,0,0,6,1,1
Sudeste,Capital,Grande,Privada,EAD,Matutino,Licenciaturas,Masculino,Branca,19,2.36,Pública,Boa,Notebook,Prouni,2.3,7,11,2,4,3,4,3,3,546,13.7,5.22,1,4.2,0,0,10,9,0
Centro-Oeste,Interior,Média,Privada,Presencial,Noturno,Licenciaturas,Masculino,Parda,20,0.64,Privada,Instável,Notebook,Nenhum,14.9,42,68,5,4,2,3,2,3,599,22.5,5.27,0,3.4,0,0,8,8,1
Centro-Oeste,Capital,Grande,Privada,Presencial,Matutino,Licenciaturas,Masculino,Parda,27,7.21,Pública,Instável,Notebook,Nenhum,8.1,27,92,3,3,5,4,3,4,616,5.7,5.46,2,3.2,1,0,10,9,1
Sudeste,Interior,Grande,Privada,Presencial,Matutino,Engenharias,Masculino,Branca,24,3.4,Pública,Ruim,Notebook,Nenhum,12.9,0,62,3,2,3,5,1,4,695,1.1,7.94,0,3.3,1,1,8,2,0
Centro-Oeste,Interior,Metrópole,Privada,Presencial,Noturno,TI/Computação,Masculino,Parda,27,8.58,Pública,Boa,Notebook,Prouni,18.3,0,79,4,3,2,5,3,2,694,6.3,7.77,0,13.6,1,0,6,6,0
Sudeste,Capital,Pequena,Pública,Presencial,Matutino,Licenciaturas,Feminino,Parda,21,5.17,Pública,Boa,Desktop,Nenhum,10.4,11,62,2,3,3,3,2,5,538,9.7,5.89,2,8.9,0,0,8,8,0
Nordeste,Interior,Grande,Privada,Presencial,Vespertino,Licenciaturas,Masculino,Branca,29,1.39,Pública,Instável,Celular,Nenhum,14.0,0,113,4,3,4,4,2,3,616,15.1,7.38,0,11.7,0,0,8,4,0
Sul,Capital,Média,Privada,Presencial,Noturno,Artes & Design,Feminino,Branca,20,2.18,Pública,Ruim,Notebook,Prouni,13.2,0,31,3,1,3,3,2,2,544,0.3,7.58,0,10.2,0,0,8,8,0
Sudeste,Capital,Média,Privada,Presencial,Matutino,Saúde,Feminino,Branca,20,1.5,Pública,Instável,Celular,Prouni,4.0,45,91,5,3,3,5,1,4,521,25.3,2.67,3,0.0,0,0,8,5,1
Nordeste,Capital,Grande,Privada,Presencial,Noturno,Saúde,Masculino,Amarela,34,1.56,Pública,Ruim,Desktop,FIES,5.8,0,54,3,3,2,2,3,2,545,1.0,7.99,3,5.6,0,0,8,4,0
Sul,Interior,Média,Pública,Presencial,Vespertino,Humanas,Masculino,Parda,18,2.77,Pública,Boa,Celular,Nenhum,9.4,31,103,4,3,5,4,2,3,600,17.7,4.43,4,3.9,0,0,10,3,1
Nordeste,Interior,Grande,Pública,Presencial,Vespertino,Humanas,Masculino,Branca,18,2.6,Pública,Boa,Celular,Bolsa Institucional,12.3,0,38,3,3,3,2,3,3,581,12.1,6.85,2,6.7,0,0,8,7,0
Nordeste,Capital,Pequena,Privada,Presencial,Vespertino,Engenharias,Masculino,Branca,17,0.91,Pública,Ruim,Desktop,Bolsa Institucional,12.9,0,31,4,3,2,4,3,1,726,23.2,6.93,1,7.4,0,0,8,6,0
Nordeste,Interior,Média,Privada,Presencial,Matutino,Engenharias,Feminino,Branca,19,3.17,Privada,Boa,Celular,FIES,15.8,42,91,4,4,2,4,3,3,615,17.3,5.51,1,5.4,0,0,12,6,1
Sudeste,Interior,Média,Privada,Híbrido,Matutino,Artes & Design,Feminino,Branca,25,2.91,Pública,Boa,Notebook,Nenhum,10.1,0,28,3,2,3,5,3,5,400,0.0,6.47,1,10.2,1,0,10,1,0
Sudeste,Interior,Média,Pública,Presencial,Matutino,Engenharias,Masculino,Branca,22,2.0,Pública,Boa,Notebook,Nenhum,15.6,0,52,2,3,3,3,3,5,689,22.8,6.95,1,11.4,0,0,10,5,1
Sudeste,Interior,Grande,Pública,Presencial,Matutino,TI/Computação,Masculino,Branca,23,10.27,Pública,Boa,Notebook,Nenhum,7.6,29,51,4,3,3,4,2,4,666,7.6,5.02,1,6.9,1,0,6,1,0
Sudeste,Interior,Grande,Privada,Híbrido,Noturno,Engenharias,Feminino,Branca,18,0.54,Pública,Instável,Celular,Nenhum,16.2,0,60,4,2,2,5,1,4,416,15.6,7.27,0,12.1,0,0,6,6,0
Sudeste,Capital,Metrópole,Privada,Presencial,Noturno,Sociais Aplicadas,Masculino,Branca,24,1.51,Pública,Instável,Notebook,FIES,9.8,39,98,4,5,3,2,3,3,576,31.2,3.43,0,3.5,0,0,10,7,1
Sudeste,Interior,Média,Privada,Presencial,Matutino,Saúde,Masculino,Parda,20,1.19,Privada,Instável,Celular,Prouni,12.8,33,39,5,2,3,3,4,4,717,11.0,6.32,1,7.1,0,0,8,8,0
Sudeste,Capital,Metrópole,Privada,Presencial,Matutino,TI/Computação,Masculino,Branca,18,5.44,Pública,Instável,Notebook,Nenhum,10.4,24,98,3,3,4,4,2,3,565,17.9,6.59,1,8.4,0,0,8,7,0
Norte,Interior,Pequena,Privada,EAD,Noturno,Sociais Aplicadas,Feminino,Indígena,21,11.13,Pública,Instável,Notebook,Nenhum,5.5,49,34,4,4,3,4,1,4,747,8.4,4.16,5,2.5,0,0,8,8,0
Sul,Capital,Pequena,Privada,EAD,Noturno,TI/Computação,Masculino,Branca,19,0.52,Pública,Instável,Celular,Nenhum,6.7,29,0,4,5,4,3,3,4,657,13.3,4.75,4,6.8,0,0,8,3,0
Nordeste,Capital,Pequena,Pública,Presencial,Matutino,Engenharias,Masculino,Branca,30,1.62,Pública,Boa,Celular,Nenhum,4.7,17,38,3,3,2,3,4,4,619,20.9,5.56,2,10.4,0,0,10,10,1
Sul,Interior,Grande,Privada,EAD,Matutino,Licenciaturas,Masculino,Parda,22,11.71,Pública,Boa,Celular,Nenhum,12.0,0,14,3,2,3,2,3,2,588,3.1,7.2,1,6.5,0,0,8,3,0
Nordeste,Interior,Grande,Pública,Presencial,Vespertino,Humanas,Masculino,Branca,17,2.77,Privada,Boa,Notebook,Bolsa Institucional,11.1,0,84,3,3,4,5,5,4,612,6.1,7.32,2,5.3,0,0,8,8,0
Sudeste,Interior,Grande,Privada,Híbrido,Vespertino,TI/Computação,Feminino,Branca,27,3.52,Privada,Instável,Celular,FIES,21.5,0,17,3,2,3,3,2,2,660,0.0,8.25,0,15.5,1,0,8,8,0
Nordeste,Interior,Grande,Privada,Híbrido,Noturno,Ciências Exatas,Feminino,Amarela,23,0.54,Pública,Instável,Celular,Prouni,21.1,0,1,4,4,3,5,2,3,794,11.5,7.27,0,12.2,0,0,10,2,1
Nordeste,Interior,Média,Pública,Presencial,Integral,Ciências Exatas,Feminino,Branca,22,2.82,Pública,Boa,Celular,Nenhum,13.2,0,25,4,3,3,3,3,3,566,9.8,7.31,0,12.6,0,0,10,4,0
Sul,Interior,Metrópole,Pública,Presencial,Vespertino,TI/Computação,Feminino,Branca,17,1.7,Privada,Instável,Notebook,Nenhum,10.6,0,48,4,3,4,5,3,4,775,7.8,7.48,2,7.4,0,0,6,6,0
Nordeste,Interior,Metrópole,Pública,Híbrido,Noturno,Licenciaturas,Masculino,Parda,26,2.05,Pública,Boa,Celular,Nenhum,7.3,19,48,4,2,3,2,2,4,659,4.9,6.56,2,4.5,0,0,6,4,0
Nordeste,Interior,Pequena,Privada,EAD,Noturno,Engenharias,Masculino,Parda,17,3.95,Pública,Ruim,Notebook,Nenhum,1.2,35,14,3,3,4,3,1,2,367,11.8,3.68,1,0.9,0,0,10,2,1
Sudeste,Capital,Média,Privada,Híbrido,Vespertino,Sociais Aplicadas,Masculino,Branca,17,1.01,Pública,Ruim,Notebook,Prouni,12.6,14,23,5,3,2,3,3,3,552,7.2,5.98,1,7.8,0,0,10,4,0
Nordeste,Interior,Média,Privada,Presencial,Matutino,Engenharias,Masculino,Parda,26,8.21,Privada,Boa,Tablet,Nenhum,11.3,25,58,3,4,3,5,1,5,765,13.6,4.69,2,6.9,0,1,10,1,0
Nordeste,Capital,Média,Privada,EAD,Noturno,Humanas,Masculino,Parda,23,3.47,Pública,Boa,Notebook,Prouni,13.9,0,58,4,2,1,3,1,3,529,0.0,6.8,2,7.4,0,0,8,8,0
Nordeste,Capital,Metrópole,Privada,Híbrido,Noturno,Ciências Exatas,Feminino,Preta,27,0.67,Pública,Instável,Notebook,Nenhum,0.0,10,53,3,4,2,2,1,4,417,22.8,4.86,1,2.6,0,0,10,4,1
Sudeste,Interior,Média,Privada,EAD,Noturno,Engenharias,Feminino,Parda,21,1.69,Pública,Instável,Celular,Nenhum,12.2,23,14,5,4,3,4,3,3,818,15.6,5.52,2,8.1,0,0,10,10,0
Nordeste,Interior,Pequena,Privada,Presencial,Vespertino,TI/Computação,Feminino,Parda,24,3.02,Privada,Ruim,Notebook,Nenhum,9.7,9,53,4,3,3,4,3,3,591,18.5,6.15,0,9.3,0,0,8,4,1
Centro-Oeste,Capital,Grande,Privada,Híbrido,Matutino,Humanas,Feminino,Branca,29,5.05,Pública,Boa,Celular,Nenhum,8.1,26,41,3,3,2,5,4,3,284,17.4,6.57,3,5.2,0,0,8,7,0
Sul,Capital,Grande,Privada,Presencial,Noturno,Saúde,Masculino,Branca,23,1.9,Pública,Ruim,Celular,Prouni,8.5,29,51,4,2,5,3,3,3,695,17.3,4.05,2,2.3,0,0,6,6,0
Sudeste,Interior,Média,Privada,Presencial,Vespertino,Humanas,Feminino,Parda,17,1.04,Privada,Boa,Celular,FIES,17.0,0,131,4,3,2,5,1,3,643,13.7,7.03,0,13.4,0,0,8,3,0
Sudeste,Interior,Pequena,Pública,Presencial,Noturno,TI/Computação,Masculino,Parda,27,2.47,Privada,Boa,Desktop,Nenhum,6.0,24,72,2,3,3,2,4,4,607,15.9,5.72,2,7.9,1,0,8,3,0
Centro-Oeste,Interior,Grande,Privada,Presencial,Noturno,Sociais Aplicadas,Feminino,Parda,30,2.64,Pública,Boa,Celular,Nenhum,18.3,0,47,4,3,1,4,2,3,545,24.8,6.34,1,12.7,0,0,10,10,0
Sul,Interior,Pequena,Privada,Presencial,Integral,TI/Computação,Feminino,Preta,23,1.12,Privada,Boa,Desktop,Nenhum,15.7,0,58,5,2,3,4,3,4,614,8.8,6.99,1,4.8,0,0,8,8,0
Sudeste,Interior,Média,Privada,Presencial,Noturno,TI/Computação,Feminino,Parda,23,1.71,Pública,Instável,Notebook,Prouni,9.5,27,56,2,3,3,4,2,5,612,24.4,5.06,2,10.2,0,0,8,6,1
Sudeste,Interior,Média,Privada,Híbrido,Noturno,Ciências Exatas,Feminino,Parda,17,1.51,Pública,Instável,Notebook,Nenhum,14.9,0,13,5,4,3,3,3,3,607,2.2,7.11,1,10.6,0,0,10,10,0
Sudeste,Capital,Grande,Privada,Presencial,Noturno,Licenciaturas,Feminino,Parda,27,3.82,Pública,Instável,Notebook,Prouni,17.2,12,78,4,3,1,3,3,2,596,2.3,6.58,1,5.7,0,0,6,6,1
Sudeste,Interior,Grande,Pública,EAD,Matutino,Humanas,Feminino,Branca,17,0.66,Pública,Instável,Celular,Nenhum,20.0,0,60,5,1,2,3,3,3,479,6.7,8.44,0,10.2,0,0,8,8,0
Sudeste,Capital,Média,Privada,Híbrido,Matutino,Saúde,Feminino,Parda,17,0.87,Pública,Instável,Desktop,Bolsa Institucional,1.6,32,9,5,2,1,3,2,4,396,18.7,4.39,1,0.9,0,0,8,2,0
Sul,Interior,Pequena,Privada,Presencial,Vespertino,Humanas,Feminino,Parda,23,5.03,Pública,Instável,Notebook,Nenhum,12.6,0,59,3,1,3,4,3,3,481,6.0,7.54,1,12.6,1,0,8,1,0
Sudeste,Interior,Grande,Pública,EAD,Noturno,Ciências Exatas,Masculino,Branca,25,1.1,Privada,Instável,Desktop,Bolsa Institucional,7.3,34,75,4,3,2,4,3,3,699,18.8,4.75,1,3.1,0,0,8,8,1
Sudeste,Interior,Metrópole,Privada,Presencial,Noturno,Ciências Exatas,Feminino,Branca,17,8.02,Privada,Boa,Notebook,Nenhum,12.9,26,102,4,3,3,3,3,4,665,19.5,5.3,0,5.6,0,0,6,6,1
Nordeste,Capital,Metrópole,Pública,Presencial,Vespertino,Humanas,Masculino,Preta,22,3.23,Pública,Instável,Celular,Nenhum,9.4,0,51,4,5,2,2,4,5,542,22.3,5.44,0,0.0,0,0,8,8,0
Centro-Oeste,Capital,Pequena,Privada,Presencial,Matutino,Ciências Exatas,Feminino,Parda,17,1.08,Pública,Boa,Celular,Prouni,12.3,0,11,5,2,4,3,1,3,658,0.7,7.65,0,6.6,1,0,8,5,0
Sudeste,Interior,Grande,Privada,Presencial,Matutino,Humanas,Masculino,Parda,27,2.04,Pública,Boa,Celular,Nenhum,5.8,31,41,4,4,2,2,1,4,822,11.8,5.96,0,9.9,0,0,8,3,1
Nordeste,Capital,Média,Privada,Presencial,Noturno,Sociais Aplicadas,Masculino,Parda,18,2.15,Pública,Boa,Notebook,Nenhum,18.8,42,65,3,5,3,2,2,4,670,28.7,4.03,3,6.4,0,0,6,6,1
Centro-Oeste,Interior,Metrópole,Privada,Presencial,Vespertino,Saúde,Masculino,Parda,29,12.51,Privada,Ruim,Notebook,Bolsa Institucional,11.7,0,54,2,4,3,3,3,2,780,16.6,6.04,3,7.3,0,0,10,6,0
Nordeste,Capital,Pequena,Pública,Presencial,Noturno,Sociais Aplicadas,Masculino,Preta,17,1.97,Pública,Ruim,Desktop,Nenhum,12.4,20,12,5,3,3,3,2,3,691,9.8,5.73,1,7.0,0,0,10,5,0
Nordeste,Capital,Média,Privada,EAD,Matutino,Saúde,Masculino,Parda,21,2.02,Pública,Boa,Desktop,Prouni,11.8,16,0,3,2,2,2,3,4,665,2.1,7.31,3,5.9,1,0,10,9,0
Nordeste,Interior,Média,Privada,EAD,Noturno,Humanas,Masculino,Parda,22,6.38,Pública,Instável,Notebook,Nenhum,3.9,27,57,3,2,5,4,3,3,784,19.5,5.17,1,3.0,0,0,6,2,0
Sul,Interior,Metrópole,Pública,Presencial,Matutino,Humanas,Masculino,Branca,21,1.36,Privada,Boa,Notebook,Nenhum,11.7,33,29,4,3,2,3,1,3,368,16.1,3.85,3,5.2,0,0,10,1,0
Sudeste,Capital,Metrópole,Privada,Presencial,Vespertino,Saúde,Feminino,Parda,26,2.24,Privada,Boa,Celular,Bolsa Institucional,12.9,22,70,3,4,1,5,2,4,688,15.0,6.76,2,1.2,0,0,6,6,0
Sul,Capital,Média,Privada,EAD,Matutino,Licenciaturas,Feminino,Branca,17,2.61,Privada,Ruim,Celular,Prouni,9.7,0,16,3,5,1,4,3,4,734,12.9,5.97,0,11.7,0,0,10,10,1
Nordeste,Capital,Média,Pública,Presencial,Noturno,Humanas,Feminino,Branca,23,4.63,Pública,Boa,Celular,Nenhum,20.8,29,50,3,4,3,2,4,2,607,4.9,6.69,0,7.8,0,0,8,7,0
Sudeste,Interior,Grande,Privada,Presencial,Matutino,Saúde,Feminino,Branca,23,2.16,Pública,Instável,Notebook,Bolsa Institucional,15.5,30,50,2,2,2,3,3,4,677,7.3,6.68,1,6.9,0,0,8,8,0
Sudeste,Capital,Pequena,Privada,EAD,Noturno,Artes & Design,Masculino,Branca,22,1.6,Pública,Instável,Notebook,Nenhum,4.0,17,30,5,2,3,3,1,5,435,0.0,6.18,1,1.5,0,0,6,6,0
Nordeste,Interior,Metrópole,Pública,Presencial,Vespertino,Licenciaturas,Masculino,Parda,22,3.18,Pública,Boa,Notebook,Nenhum,14.6,45,86,2,3,4,3,3,3,666,18.5,5.71,0,0.4,0,0,8,8,0
Sudeste,Interior,Grande,Privada,Presencial,Matutino,TI/Computação,Feminino,Branca,20,2.77,Pública,Ruim,Desktop,Bolsa Institucional,13.3,30,49,2,4,3,3,4,4,346,25.9,5.34,1,8.7,0,0,6,4,1
Sudeste,Capital,Grande,Pública,Presencial,Matutino,Ciências Exatas,Masculino,Branca,23,0.9,Pública,Boa,Notebook,Nenhum,9.1,0,61,4,2,3,3,3,3,541,10.8,8.28,0,6.2,1,0,6,6,0
Sudeste,Interior,Média,Privada,Híbrido,Noturno,Saúde,Feminino,Branca,24,1.64,Pública,Boa,Celular,Prouni,13.6,34,5,4,4,3,4,3,3,787,22.1,5.74,1,6.4,0,0,10,3,1
Nordeste,Interior,Média,Pública,Presencial,Matutino,Ciências Exatas,Feminino,Parda,20,3.66,Pública,Instável,Celular,Bolsa Institucional,11.4,0,129,2,5,3,3,2,2,882,14.9,5.95,0,13.9,0,0,8,6,0
Centro-Oeste,Interior,Grande,Pública,Presencial,Noturno,Ciências Exatas,Feminino,Preta,24,2.6,Pública,Instável,Notebook,Nenhum,2.7,30,103,4,5,3,2,3,4,713,17.2,4.97,2,0.0,0,0,10,2,1
Sudeste,Interior,Grande,Privada,Presencial,Vespertino,Sociais Aplicadas,Feminino,Branca,17,4.56,Pública,Ruim,Celular,FIES,1.5,0,104,3,4,4,3,3,2,619,13.1,6.12,1,5.5,0,0,8,4,0
Sul,Capital,Metrópole,Privada,Presencial,Vespertino,Humanas,Masculino,Parda,34,7.75,Pública,Boa,Notebook,Nenhum,2.5,29,79,5,4,4,4,2,3,608,17.4,4.82,1,3.6,0,0,10,8,0
Nordeste,Capital,Média,Privada,Presencial,Matutino,TI/Computação,Feminino,Parda,23,2.3,Pública,Boa,Celular,Nenhum,4.4,0,19,3,4,3,3,2,4,583,13.2,6.54,2,7.4,0,0,8,8,0
Nordeste,Interior,Metrópole,Pública,EAD,Noturno,TI/Computação,Feminino,Branca,19,1.74,Pública,Boa,Celular,Nenhum,18.9,37,16,4,3,4,4,2,3,887,19.4,6.51,1,5.1,1,0,8,5,1
Sul,Capital,Média,Privada,Presencial,Matutino,Saúde,Feminino,Branca,26,0.71,Pública,Instável,Celular,FIES,6.2,0,53,5,5,5,3,3,3,683,30.5,3.89,3,9.0,0,0,8,8,1
Sul,Interior,Grande,Privada,EAD,Integral,TI/Computação,Masculino,Branca,18,4.63,Pública,Boa,Celular,Nenhum,13.5,21,17,3,3,5,4,2,3,631,13.0,7.47,1,8.2,0,0,8,1,0
Sul,Interior,Pequena,Privada,Presencial,Noturno,Ciências Exatas,Feminino,Parda,25,0.97,Pública,Instável,Celular,Nenhum,11.1,0,68,5,3,3,4,2,4,533,19.4,6.76,1,14.8,0,0,10,4,0
Sul,Capital,Grande,Privada,Presencial,Matutino,Humanas,Masculino,Branca,27,1.68,Pública,Instável,Celular,Nenhum,9.6,0,51,5,4,5,4,4,3,741,17.1,7.23,0,4.0,1,0,6,6,0
Nordeste,Interior,Grande,Privada,Presencial,Noturno,Saúde,Masculino,Parda,26,2.98,Pública,Boa,Notebook,Prouni,19.1,26,29,4,4,3,3,1,5,722,23.3,5.36,2,4.4,0,0,8,7,0
Nordeste,Capital,Média,Privada,EAD,Matutino,Saúde,Feminino,Preta,19,1.43,Privada,Ruim,Celular,Prouni,13.7,0,0,5,4,1,3,2,2,690,12.1,7.59,0,8.8,0,0,8,5,0
Sudeste,Capital,Pequena,Privada,EAD,Vespertino,Ciências Exatas,Masculino,Branca,27,6.77,Pública,Boa,Notebook,Nenhum,8.6,25,30,4,2,3,4,3,3,585,16.0,5.46,2,11.5,0,0,10,10,0
Nordeste,Interior,Pequena,Privada,Presencial,Noturno,TI/Computação,Feminino,Preta,28,3.62,Pública,Instável,Desktop,Nenhum,12.6,0,87,2,2,3,3,1,4,716,17.3,6.67,0,9.0,0,0,8,6,0
Norte,Capital,Grande,Pública,Presencial,Vespertino,Sociais Aplicadas,Masculino,Parda,24,0.73,Privada,Boa,Tablet,Nenhum,16.4,27,97,5,3,3,4,3,3,343,21.5,6.31,2,11.0,0,0,8,8,1
Sudeste,Interior,Metrópole,Privada,Presencial,Noturno,Licenciaturas,Masculino,Branca,17,3.42,Pública,Instável,Notebook,FIES,15.2,0,90,5,3,5,4,1,4,531,26.2,5.99,4,12.3,0,0,8,5,0
Nordeste,Capital,Média,Pública,Presencial,Noturno,Saúde,Feminino,Parda,22,0.68,Pública,Instável,Celular,Bolsa Institucional,17.7,0,84,5,3,3,4,2,4,608,13.0,6.91,0,6.0,1,0,8,5,0
Centro-Oeste,Capital,Grande,Pública,Híbrido,Noturno,Licenciaturas,Masculino,Preta,17,0.53,Pública,Instável,Desktop,Nenhum,10.2,32,32,5,5,3,3,3,3,620,29.7,5.08,2,10.7,0,0,10,4,1
Sul,Interior,Grande,Privada,Presencial,Vespertino,Sociais Aplicadas,Masculino,Branca,21,0.83,Pública,Boa,Notebook,FIES,12.1,39,102,4,4,1,3,2,5,545,22.9,4.79,1,1.3,1,0,6,6,1
Sul,Capital,Grande,Privada,EAD,Matutino,TI/Computação,Masculino,Branca,17,2.95,Privada,Boa,Notebook,Nenhum,10.0,0,49,4,3,4,3,4,4,608,4.5,8.32,1,3.9,0,0,10,5,0
Sudeste,Capital,Pequena,Privada,Híbrido,Matutino,Engenharias,Feminino,Parda,20,3.11,Pública,Boa,Notebook,Nenhum,6.7,0,41,4,4,2,2,2,3,664,11.8,7.3,0,2.8,0,0,10,8,0
Nordeste,Interior,Média,Privada,Presencial,Noturno,TI/Computação,Masculino,Branca,17,1.63,Pública,Boa,Celular,FIES,11.7,24,102,5,5,3,4,5,3,900,17.2,5.16,2,5.7,0,0,12,9,1
Sudeste,Capital,Grande,Pública,Presencial,Noturno,Engenharias,Feminino,Branca,17,0.98,Privada,Boa,Celular,Bolsa Institucional,14.5,48,45,3,4,3,4,3,2,761,21.0,4.3,0,6.4,0,0,10,6,1
Nordeste,Interior,Média,Privada,Presencial,Vespertino,Sociais Aplicadas,Feminino,Branca,26,3.25,Pública,Instável,Notebook,Prouni,17.6,0,70,3,3,1,3,1,4,499,15.3,6.92,0,7.4,0,0,8,8,1
Sudeste,Capital,Grande,Privada,EAD,Vespertino,TI/Computação,Feminino,Parda,17,1.24,Pública,Boa,Celular,FIES,8.6,0,32,5,2,3,5,5,5,667,5.2,7.39,0,11.1,0,0,8,8,0
Sudeste,Interior,Metrópole,Privada,Presencial,Noturno,TI/Computação,Feminino,Parda,25,5.03,Pública,Ruim,Notebook,FIES,3.5,23,68,4,3,3,5,1,4,674,15.9,6.01,2,2.0,0,0,10,10,0
Centro-Oeste,Capital,Grande,Privada,Presencial,Noturno,Saúde,Masculino,Branca,24,1.14,Pública,Instável,Notebook,Prouni,12.4,22,56,3,3,4,2,3,3,770,21.7,5.07,3,7.3,0,0,12,3,1
Sul,Capital,Média,Privada,Presencial,Matutino,Sociais Aplicadas,Masculino,Parda,27,3.0,Pública,Instável,Celular,FIES,6.3,6,28,5,4,3,2,3,4,458,14.4,5.24,3,6.3,0,0,10,10,1
Sudeste,Interior,Grande,Pública,Presencial,Noturno,Saúde,Masculino,Parda,22,6.37,Pública,Boa,Notebook,Bolsa Institucional,2.9,18,53,5,2,3,4,2,2,671,3.9,5.63,2,5.1,0,0,6,6,0
Sul,Capital,Pequena,Privada,Híbrido,Matutino,Licenciaturas,Masculino,Branca,29,2.96,Pública,Boa,Notebook,Prouni,19.6,0,48,4,2,5,3,3,3,462,5.8,6.64,1,8.7,0,0,6,6,0
Sudeste,Capital,Grande,Privada,Presencial,Matutino,Ciências Exatas,Feminino,Parda,26,0.44,Pública,Boa,Celular,Prouni,15.8,40,34,5,4,5,2,2,3,742,17.2,5.06,1,1.8,0,0,8,8,0
Sudeste,Capital,Metrópole,Pública,Presencial,Noturno,Humanas,Feminino,Parda,23,0.47,Privada,Instável,Celular,Nenhum,18.3,0,79,4,3,4,4,3,3,591,16.3,7.57,0,7.1,0,0,8,8,1
Nordeste,Interior,Média,Privada,Híbrido,Matutino,Licenciaturas,Masculino,Parda,22,1.97,Pública,Boa,Celular,Nenhum,11.8,0,50,5,3,2,3,1,1,727,8.8,6.41,2,9.6,0,0,8,8,0
Sudeste,Interior,Média,Pública,Presencial,Noturno,Ciências Exatas,Feminino,Branca,26,2.13,Privada,Boa,Desktop,Bolsa Institucional,13.0,30,44,3,4,2,3,2,4,591,20.6,5.03,3,1.8,0,0,10,6,1
Centro-Oeste,Interior,Grande,Privada,Híbrido,Noturno,Humanas,Feminino,Branca,25,1.33,Pública,Instável,Notebook,Prouni,6.5,28,68,5,4,2,3,2,2,466,16.2,4.21,1,0.0,0,0,10,10,1
Norte,Interior,Grande,Pública,EAD,Noturno,Saúde,Feminino,Amarela,17,1.54,Pública,Ruim,Celular,Nenhum,9.7,14,0,3,3,4,3,4,3,506,1.8,6.86,1,9.4,0,0,10,2,0
Nordeste,Capital,Média,Privada,Presencial,Matutino,Ciências Exatas,Masculino,Parda,24,1.06,Pública,Boa,Tablet,Nenhum,3.1,0,106,4,3,3,2,3,3,523,7.0,6.74,1,4.6,0,0,8,8,0
Sudeste,Capital,Grande,Privada,Presencial,Matutino,Licenciaturas,Masculino,Parda,23,3.06,Pública,Boa,Desktop,Nenhum,18.2,20,57,3,3,4,3,3,3,665,5.5,7.3,0,14.7,0,0,6,3,1
Nordeste,Capital,Média,Privada,Presencial,Noturno,TI/Computação,Feminino,Parda,18,3.56,Pública,Boa,Celular,Nenhum,15.8,0,54,4,2,3,3,2,3,700,12.7,7.38,0,10.7,1,0,6,6,0
Sudeste,Interior,Média,Privada,EAD,Matutino,Humanas,Feminino,Preta,26,2.5,Pública,Instável,Desktop,Nenhum,20.7,0,43,3,1,3,2,1,4,593,2.8,7.25,1,9.6,0,0,8,6,0
Nordeste,Capital,Pequena,Privada,Híbrido,Noturno,Humanas,Feminino,Parda,24,1.77,Pública,Instável,Notebook,Prouni,11.2,20,69,5,2,3,4,1,3,510,9.9,5.2,3,5.1,0,0,10,3,0
Nordeste,Interior,Pequena,Pública,Híbrido,Noturno,Ciências Exatas,Feminino,Branca,31,3.83,Pública,Ruim,Celular,Nenhum,9.0,24,54,4,3,5,3,3,2,543,14.2,4.84,3,2.2,0,0,8,4,1
Sudeste,Capital,Grande,Privada,Presencial,Matutino,TI/Computação,Feminino,Parda,17,3.04,Privada,Ruim,Notebook,Nenhum,22.8,0,31,3,4,3,5,2,3,624,1.4,8.17,0,11.8,0,0,8,4,0
Sudeste,Capital,Grande,Privada,Presencial,Matutino,Licenciaturas,Masculino,Parda,22,4.76,Pública,Instável,Notebook,FIES,18.6,0,59,4,4,3,2,2,2,585,19.3,6.43,1,12.9,0,0,8,2,0
Sudeste,Capital,Pequena,Privada,EAD,Noturno,Saúde,Masculino,Branca,20,2.22,Pública,Instável,Notebook,Nenhum,12.9,29,14,4,4,5,3,2,4,492,19.2,6.09,1,3.8,0,0,8,5,1
Sul,Interior,Média,Privada,EAD,Matutino,Engenharias,Feminino,Parda,24,6.51,Privada,Instável,Desktop,Nenhum,11.4,21,0,4,3,4,2,3,4,642,11.9,5.43,1,9.6,0,0,8,8,0
Sudeste,Interior,Grande,Privada,EAD,Noturno,TI/Computação,Masculino,Parda,28,0.87,Privada,Boa,Celular,Nenhum,0.4,0,0,5,3,1,4,2,3,699,4.3,5.98,0,8.6,0,0,8,8,0
Nordeste,Capital,Média,Pública,EAD,Noturno,Sociais Aplicadas,Feminino,Branca,17,3.9,Privada,Ruim,Notebook,Nenhum,10.9,34,17,4,3,3,3,3,5,534,10.6,5.38,2,9.5,0,0,6,6,0
Sudeste,Interior,Pequena,Privada,Presencial,Noturno,TI/Computação,Feminino,Branca,17,2.07,Pública,Instável,Celular,Nenhum,8.2,17,87,3,2,4,3,4,4,620,14.0,5.2,0,1.9,0,0,6,6,0
Sudeste,Interior,Média,Pública,Presencial,Vespertino,Humanas,Masculino,Parda,22,9.3,Pública,Boa,Tablet,Nenhum,0.0,36,90,3,4,5,3,3,2,900,29.4,3.39,2,0.5,0,0,12,6,1
Sul,Capital,Média,Privada,EAD,Vespertino,Saúde,Feminino,Parda,24,1.48,Pública,Boa,Celular,Prouni,9.0,0,0,5,2,3,3,4,4,887,0.0,7.17,2,7.1,0,0,8,8,0
Centro-Oeste,Interior,Média,Privada,Presencial,Noturno,TI/Computação,Masculino,Amarela,22,0.81,Pública,Boa,Tablet,Nenhum,11.5,22,79,5,3,5,4,3,3,698,14.0,5.56,2,8.8,0,0,8,7,0
Norte,Interior,Média,Pública,EAD,Matutino,Saúde,Masculino,Branca,25,3.68,Pública,Boa,Celular,Nenhum,15.0,17,47,2,3,1,3,5,4,715,0.5,8.23,4,5.0,0,0,6,2,1
Centro-Oeste,Capital,Grande,Privada,EAD,Noturno,Sociais Aplicadas,Feminino,Parda,19,1.05,Pública,Boa,Notebook,Nenhum,7.0,17,49,5,4,3,4,1,5,788,12.8,5.38,1,1.2,0,0,6,3,0
Norte,Capital,Média,Pública,Presencial,Noturno,Artes & Design,Feminino,Branca,17,1.89,Pública,Boa,Notebook,Nenhum,9.5,24,32,4,3,4,4,4,5,667,15.7,5.12,1,6.3,0,0,10,9,1
Sul,Capital,Metrópole,Pública,Presencial,Noturno,TI/Computação,Masculino,Branca,17,4.34,Pública,Instável,Celular,Nenhum,8.1,0,67,2,3,3,4,3,3,555,11.9,7.11,2,8.2,0,0,10,9,0
Sudeste,Interior,Média,Pública,Presencial,Matutino,Licenciaturas,Feminino,Branca,24,0.68,Pública,Boa,Notebook,Nenhum,18.8,0,28,4,2,2,4,3,4,652,11.8,7.68,0,7.5,0,0,6,2,0
Sudeste,Capital,Grande,Privada,Presencial,Matutino,Sociais Aplicadas,Feminino,Branca,19,0.82,Privada,Instável,Notebook,FIES,22.3,0,41,5,1,3,2,2,4,659,11.2,7.09,0,15.0,0,0,8,6,0
Sudeste,Capital,Média,Privada,Presencial,Vespertino,TI/Computação,Feminino,Branca,19,8.53,Pública,Instável,Desktop,Nenhum,16.0,0,19,4,3,2,2,4,4,872,11.9,8.44,1,13.0,1,0,10,2,0
Sul,Interior,Média,Privada,Presencial,Integral,Saúde,Masculino,Preta,23,3.45,Pública,Instável,Notebook,Nenhum,6.0,35,22,2,4,2,2,2,4,699,19.4,4.46,0,4.3,0,0,8,8,0
Nordeste,Interior,Pequena,Privada,Presencial,Vespertino,Artes & Design,Feminino,Parda,24,5.54,Privada,Boa,Tablet,Nenhum,10.1,0,30,3,3,3,5,3,4,730,3.2,6.97,2,14.5,0,0,10,2,0
Sul,Interior,Grande,Privada,Presencial,Matutino,Artes & Design,Masculino,Preta,30,12.48,Pública,Instável,Notebook,Nenhum,6.7,30,9,4,4,3,3,2,4,768,16.5,5.67,1,2.4,0,0,8,8,1
Nordeste,Capital,Pequena,Pública,Híbrido,Matutino,Saúde,Feminino,Parda,26,4.15,Pública,Ruim,Notebook,Nenhum,28.9,0,40,3,2,3,4,4,3,397,5.9,7.48,1,14.8,1,0,6,6,0
Sudeste,Capital,Grande,Privada,Presencial,Vespertino,Saúde,Feminino,Preta,20,1.41,Pública,Boa,Celular,Prouni,12.2,0,87,3,3,2,4,3,3,884,11.7,8.05,0,9.6,0,0,8,8,0
Sul,Capital,Pequena,Privada,Presencial,Noturno,TI/Computação,Outro,Branca,25,2.27,Privada,Ruim,Notebook,Nenhum,6.4,36,44,5,3,4,5,3,2,548,19.5,5.06,1,6.2,0,0,8,2,0
Centro-Oeste,Capital,Média,Privada,Presencial,Noturno,Sociais Aplicadas,Feminino,Branca,17,0.77,Pública,Instável,Celular,Nenhum,0.0,26,57,5,3,2,3,3,3,533,9.4,5.46,1,0.9,0,0,6,6,0
Sul,Capital,Média,Pública,EAD,Noturno,Humanas,Feminino,Parda,31,2.71,Pública,Boa,Notebook,Bolsa Institucional,10.0,0,5,3,2,4,2,4,3,722,2.3,6.99,1,6.1,0,0,10,10,0
Sudeste,Interior,Metrópole,Privada,EAD,Noturno,Sociais Aplicadas,Masculino,Preta,23,2.73,Privada,Instável,Desktop,FIES,4.2,0,39,4,2,4,5,4,4,569,7.7,6.26,0,9.8,0,0,8,5,0
Norte,Capital,Pequena,Privada,EAD,Matutino,Humanas,Masculino,Branca,21,2.14,Privada,Boa,Celular,Nenhum,14.0,0,0,4,3,4,4,1,4,594,4.2,7.82,1,10.2,0,0,8,8,0
Centro-Oeste,Capital,Pequena,Pública,Presencial,Noturno,TI/Computação,Masculino,Parda,18,4.26,Pública,Boa,Celular,Nenhum,11.1,29,62,4,2,4,4,3,2,605,14.0,6.0,1,2.3,0,0,8,8,1
Sudeste,Interior,Pequena,Privada,EAD,Matutino,Saúde,Feminino,Preta,24,1.68,Pública,Instável,Celular,FIES,1.5,25,62,5,4,3,2,2,3,543,3.6,4.84,0,4.7,0,0,8,8,0
Nordeste,Capital,Média,Pública,Presencial,Matutino,Ciências Exatas,Masculino,Branca,24,7.53,Pública,Boa,Desktop,Nenhum,6.6,18,98,3,5,3,4,4,3,484,18.3,4.99,0,5.5,0,0,10,7,0
Centro-Oeste,Capital,Média,Pública,Presencial,Noturno,Saúde,Masculino,Branca,23,4.41,Pública,Instável,Celular,Nenhum,17.1,22,53,5,4,4,2,2,3,307,18.3,5.1,4,9.6,0,0,8,8,0
Centro-Oeste,Capital,Média,Privada,EAD,Vespertino,Engenharias,Masculino,Parda,21,1.85,Pública,Boa,Tablet,Prouni,11.8,0,20,5,4,3,4,1,1,642,8.1,6.97,1,5.3,0,0,10,5,1
Sudeste,Interior,Média,Pública,EAD,Noturno,Engenharias,Masculino,Branca,29,0.95,Pública,Instável,Celular,Bolsa Institucional,3.2,30,0,5,3,2,3,3,3,533,15.8,3.71,5,1.1,0,0,10,4,1
Sudeste,Interior,Pequena,Pública,Presencial,Matutino,Licenciaturas,Masculino,Branca,17,2.59,Pública,Boa,Notebook,Nenhum,6.6,34,20,3,5,3,4,2,3,361,25.6,4.66,1,2.8,0,0,6,6,1
Sudeste,Capital,Grande,Privada,Presencial,Noturno,Saúde,Feminino,Parda,26,1.67,Pública,Boa,Notebook,Prouni,19.0,0,107,5,3,4,1,4,2,359,16.9,6.31,0,8.8,0,0,8,8,0
Sudeste,Capital,Média,Privada,Presencial,Vespertino,Artes & Design,Masculino,Branca,25,1.01,Pública,Boa,Celular,Nenhum,15.1,24,79,4,2,3,4,2,2,378,3.7,6.44,0,7.3,0,0,8,5,0
Centro-Oeste,Capital,Grande,Pública,Presencial,Vespertino,Humanas,Masculino,Branca,19,1.6,Pública,Ruim,Notebook,Nenhum,16.0,4,84,3,4,2,5,4,2,606,21.1,5.77,3,12.8,1,0,10,8,0
Nordeste,Capital,Média,Pública,Híbrido,Matutino,TI/Computação,Outro,Branca,20,0.59,Pública,Boa,Celular,Nenhum,13.4,27,7,5,3,3,3,2,2,566,11.6,6.63,0,6.0,1,0,8,1,0
Sul,Capital,Média,Pública,EAD,Noturno,Licenciaturas,Feminino,Parda,22,1.53,Pública,Instável,Notebook,Nenhum,11.5,24,13,4,3,2,3,3,4,541,7.2,6.71,2,6.9,0,0,12,5,0
Sudeste,Capital,Grande,Privada,EAD,Vespertino,Ciências Exatas,Masculino,Branca,24,0.89,Privada,Instável,Celular,Bolsa Institucional,3.2,22,11,5,3,1,3,3,5,574,4.2,4.94,1,7.7,0,0,8,2,0
Sul,Capital,Grande,Privada,Presencial,Matutino,Engenharias,Outro,Branca,26,1.96,Pública,Instável,Celular,Prouni,9.3,0,50,4,2,3,1,2,5,489,15.7,5.79,3,7.0,0,0,8,8,0
Sudeste,Interior,Média,Privada,EAD,Noturno,Ciências Exatas,Masculino,Branca,26,6.11,Pública,Ruim,Notebook,Nenhum,17.1,0,16,2,2,5,2,3,3,659,0.0,7.95,1,13.3,0,0,10,3,0
Centro-Oeste,Interior,Média,Privada,EAD,Noturno,Saúde,Feminino,Branca,21,1.42,Pública,Boa,Celular,Prouni,11.7,25,39,2,2,5,3,2,3,450,11.8,5.71,1,12.0,0,0,8,6,0
Centro-Oeste,Interior,Metrópole,Privada,EAD,Matutino,Sociais Aplicadas,Masculino,Branca,30,1.72,Pública,Ruim,Celular,Nenhum,16.4,0,13,4,3,5,3,3,4,615,0.0,7.56,0,10.0,0,0,8,7,0
Nordeste,Interior,Pequena,Pública,Presencial,Noturno,Saúde,Feminino,Branca,27,2.21,Pública,Boa,Notebook,Nenhum,8.0,0,106,4,4,2,2,5,2,638,11.9,7.25,0,13.4,0,0,6,6,1
Norte,Interior,Média,Pública,Híbrido,Noturno,Humanas,Masculino,Branca,22,1.32,Pública,Boa,Celular,Nenhum,7.8,18,61,5,2,3,2,2,2,423,7.2,5.43,0,3.9,0,0,6,6,0
Sudeste,Interior,Média,Privada,EAD,Matutino,Engenharias,Feminino,Preta,21,3.29,Pública,Boa,Notebook,Nenhum,10.6,26,15,3,4,5,2,3,4,660,14.3,5.46,3,5.2,0,0,8,1,0
Sul,Capital,Grande,Pública,Presencial,Matutino,TI/Computação,Feminino,Branca,28,2.59,Pública,Boa,Notebook,Nenhum,15.0,16,76,5,4,4,4,3,3,730,22.6,5.54,2,5.1,0,0,8,4,1
Nordeste,Capital,Metrópole,Privada,EAD,Noturno,Engenharias,Masculino,Parda,22,1.25,Pública,Ruim,Notebook,Prouni,4.8,39,46,5,2,2,1,2,3,654,5.5,5.45,0,5.8,0,0,8,8,0
Nordeste,Interior,Metrópole,Pública,Presencial,Matutino,Engenharias,Feminino,Parda,20,0.82,Pública,Instável,Celular,Nenhum,7.0,32,96,4,3,3,4,3,3,590,12.0,5.19,2,0.0,0,0,10,5,0
Nordeste,Interior,Metrópole,Privada,EAD,Noturno,Ciências Exatas,Masculino,Parda,25,6.65,Pública,Boa,Notebook,FIES,15.3,0,32,4,2,2,2,3,5,415,16.2,6.98,1,10.6,0,0,8,8,1
Nordeste,Capital,Pequena,Privada,EAD,Noturno,Sociais Aplicadas,Masculino,Branca,28,2.58,Pública,Ruim,Desktop,Nenhum,12.9,44,0,4,4,4,3,2,3,506,23.2,4.54,1,11.8,0,0,8,8,1
Sul,Capital,Grande,Privada,Presencial,Matutino,Ciências Exatas,Masculino,Branca,27,4.35,Pública,Instável,Notebook,FIES,4.1,31,33,4,3,2,2,3,3,439,19.3,4.25,2,6.3,0,0,10,6,0
Sudeste,Interior,Grande,Pública,Presencial,Matutino,Saúde,Feminino,Branca,21,3.48,Pública,Boa,Celular,Nenhum,13.0,0,98,3,3,2,3,4,3,586,19.6,6.07,0,11.5,0,0,10,9,0
Centro-Oeste,Interior,Pequena,Pública,EAD,Matutino,Engenharias,Feminino,Parda,23,1.35,Pública,Boa,Celular,Nenhum,8.4,30,54,5,2,4,4,2,3,687,9.8,5.79,1,4.6,0,0,12,10,0
Sudeste,Interior,Pequena,Pública,Presencial,Noturno,Sociais Aplicadas,Masculino,Parda,26,2.69,Pública,Boa,Celular,Nenhum,14.0,19,22,4,2,2,4,4,3,542,6.8,6.69,1,5.1,0,0,10,9,0
Nordeste,Interior,Média,Pública,Presencial,Vespertino,Ciências Exatas,Feminino,Parda,22,4.21,Privada,Boa,Tablet,Nenhum,9.5,0,43,3,3,1,5,1,3,669,6.1,7.93,1,10.7,0,0,8,8,0
Sudeste,Interior,Média,Pública,Híbrido,Noturno,Licenciaturas,Masculino,Branca,26,1.45,Pública,Boa,Celular,Nenhum,15.0,0,52,4,2,4,5,4,5,575,16.7,6.48,0,4.9,0,0,8,4,0
Sudeste,Interior,Pequena,Privada,Híbrido,Matutino,Engenharias,Feminino,Parda,19,0.5,Privada,Boa,Celular,Prouni,19.7,0,88,5,4,2,3,1,3,757,21.2,7.85,0,10.1,0,0,8,4,0
Sudeste,Capital,Grande,Pública,Presencial,Matutino,Humanas,Masculino,Branca,23,7.52,Pública,Boa,Notebook,Nenhum,10.5,12,121,3,2,4,4,3,4,682,11.0,6.28,1,12.2,1,0,8,8,0
Sudeste,Interior,Pequena,Privada,Híbrido,Matutino,Engenharias,Masculino,Parda,20,0.84,Pública,Boa,Tablet,Nenhum,10.3,0,24,4,3,3,3,2,3,571,12.9,6.72,2,10.2,0,0,8,2,0
Sudeste,Interior,Média,Privada,EAD,Vespertino,TI/Computação,Feminino,Preta,27,1.36,Privada,Ruim,Celular,Prouni,18.1,30,19,5,4,4,4,1,3,548,2.8,5.94,1,7.1,1,0,8,7,0
Nordeste,Interior,Grande,Privada,Presencial,Matutino,Ciências Exatas,Masculino,Parda,28,1.96,Privada,Boa,Celular,Prouni,22.3,0,55,3,2,2,2,3,2,442,10.7,7.86,0,14.3,0,0,6,5,0
Sul,Interior,Média,Privada,Presencial,Noturno,Sociais Aplicadas,Masculino,Parda,24,4.87,Pública,Boa,Tablet,Bolsa Institucional,19.3,0,80,4,3,2,2,2,3,549,8.6,7.42,1,8.6,0,0,8,8,0
Sul,Capital,Pequena,Privada,Presencial,Matutino,Licenciaturas,Feminino,Parda,32,2.08,Pública,Ruim,Tablet,Nenhum,10.3,36,41,3,5,3,2,3,3,563,24.3,4.53,2,4.7,0,0,6,6,0
Sudeste,Interior,Metrópole,Pública,EAD,Vespertino,Licenciaturas,Feminino,Branca,25,2.99,Pública,Instável,Notebook,Bolsa Institucional,4.6,0,49,3,3,2,3,2,5,475,3.3,6.61,0,4.5,1,1,8,8,0
Sudeste,Interior,Metrópole,Privada,Presencial,Noturno,Engenharias,Masculino,Parda,30,1.66,Pública,Instável,Notebook,FIES,7.6,27,68,5,3,4,4,2,3,649,11.8,6.29,0,7.2,0,0,12,8,1
Sul,Capital,Média,Privada,Presencial,Matutino,Licenciaturas,Masculino,Parda,19,2.4,Privada,Boa,Celular,FIES,15.2,0,67,3,2,2,4,3,4,664,11.1,6.62,0,10.4,0,0,10,2,0
Sudeste,Interior,Pequena,Pública,EAD,Vespertino,Sociais Aplicadas,Feminino,Parda,22,1.84,Pública,Instável,Celular,Bolsa Institucional,15.7,0,16,4,4,3,3,3,3,571,0.0,7.86,1,12.6,0,1,8,8,0
Sudeste,Interior,Média,Privada,Híbrido,Noturno,Licenciaturas,Feminino,Branca,19,2.68,Privada,Boa,Notebook,Nenhum,15.6,27,83,3,2,4,4,2,2,742,13.1,6.24,0,1.9,0,0,10,9,0
Sudeste,Interior,Metrópole,Privada,Presencial,Vespertino,Humanas,Feminino,Parda,21,5.82,Privada,Boa,Celular,Nenhum,10.4,30,47,4,4,2,4,5,3,570,13.0,6.2,4,5.9,0,0,8,8,0
Sudeste,Interior,Pequena,Pública,Presencial,Vespertino,Ciências Exatas,Feminino,Parda,24,1.94,Pública,Boa,Celular,Nenhum,2.4,12,45,4,1,4,3,4,3,900,16.6,6.8,1,13.2,1,0,8,8,0
Sudeste,Capital,Média,Privada,Presencial,Matutino,Humanas,Masculino,Parda,25,0.34,Pública,Ruim,Celular,Nenhum,20.8,0,84,3,3,2,2,2,1,447,13.9,8.27,1,10.1,0,0,8,5,0
Sul,Interior,Metrópole,Privada,Presencial,Noturno,Saúde,Masculino,Preta,25,4.87,Privada,Ruim,Celular,Bolsa Institucional,10.0,29,71,4,3,3,2,2,1,805,25.1,5.22,0,4.2,0,0,6,6,0
Sul,Capital,Média,Privada,EAD,Matutino,Saúde,Feminino,Parda,21,4.15,Pública,Boa,Celular,Prouni,1.9,23,0,4,4,2,3,3,3,871,8.1,4.98,3,0.8,0,0,10,3,0
Nordeste,Capital,Média,Privada,Presencial,Noturno,Licenciaturas,Masculino,Branca,19,11.97,Pública,Boa,Notebook,FIES,13.0,30,81,4,4,4,1,3,5,870,17.6,4.89,0,8.0,0,0,10,6,0
Nordeste,Interior,Pequena,Privada,Presencial,Noturno,Humanas,Masculino,Preta,17,1.41,Pública,Boa,Celular,FIES,10.7,0,78,3,2,3,3,1,4,578,14.2,7.22,0,3.1,1,0,10,10,0
Sudeste,Capital,Metrópole,Pública,Presencial,Noturno,Ciências Exatas,Masculino,Branca,25,1.96,Privada,Instável,Celular,Nenhum,16.4,13,36,2,3,2,4,3,4,706,20.0,6.35,0,4.5,0,0,8,8,1
Sul,Capital,Média,Privada,Híbrido,Noturno,Engenharias,Masculino,Parda,20,2.32,Pública,Boa,Notebook,Nenhum,16.7,0,56,4,4,3,4,4,3,549,15.6,7.13,2,10.1,0,0,8,8,0
Sudeste,Interior,Média,Privada,Presencial,Integral,TI/Computação,Feminino,Parda,25,1.82,Pública,Instável,Tablet,Prouni,18.7,0,81,5,4,3,4,3,1,640,9.3,7.56,0,13.6,0,0,8,5,0
Sul,Interior,Metrópole,Pública,Presencial,Matutino,Saúde,Feminino,Branca,28,1.74,Pública,Ruim,Notebook,Nenhum,10.4,40,65,3,5,3,4,4,3,713,26.1,4.58,2,9.9,0,0,10,5,1
Centro-Oeste,Capital,Grande,Privada,Presencial,Noturno,Humanas,Feminino,Parda,18,1.18,Pública,Instável,Celular,Nenhum,3.1,24,65,5,4,3,2,3,3,583,18.8,5.23,0,5.0,0,0,6,6,0
Sudeste,Interior,Média,Privada,Presencial,Noturno,Engenharias,Feminino,Preta,21,2.03,Pública,Instável,Desktop,Nenhum,9.1,0,65,2,3,1,4,4,4,519,15.7,5.66,1,8.5,0,0,10,10,1
Nordeste,Interior,Pequena,Pública,Presencial,Vespertino,Licenciaturas,Masculino,Preta,30,2.38,Pública,Boa,Celular,Nenhum,11.6,0,78,2,4,2,4,3,3,665,10.6,6.82,0,10.7,0,0,6,6,0
